2026-01-06 13:18:27.150 +00:00 [WRN] Failed to determine the https port for redirect.
2026-01-06 13:18:27.210 +00:00 [INF] HTTP OPTIONS /api/v1/Auth/me responded 204 in 86.1735 ms
2026-01-06 13:18:27.211 +00:00 [INF] HTTP OPTIONS /api/v1/Auth/me responded 204 in 86.0531 ms
2026-01-06 13:18:27.211 +00:00 [INF] HTTP OPTIONS /api/v1/Auth/me responded 204 in 86.0972 ms
2026-01-06 13:18:27.210 +00:00 [INF] HTTP OPTIONS /api/v1/Auth/me responded 204 in 86.0565 ms
2026-01-06 13:18:27.400 +00:00 [INF] HTTP GET /api/v1/Auth/me responded 401 in 140.0334 ms
2026-01-06 13:18:27.407 +00:00 [INF] HTTP OPTIONS /api/v1/Auth/refresh responded 204 in 0.0736 ms
2026-01-06 13:18:27.412 +00:00 [INF] HTTP GET /api/v1/Auth/me responded 401 in 7.5159 ms
2026-01-06 13:18:27.425 +00:00 [INF] HTTP GET /api/v1/Auth/me responded 401 in 3.5292 ms
2026-01-06 13:18:27.432 +00:00 [INF] HTTP GET /api/v1/Auth/me responded 401 in 2.2256 ms
2026-01-06 13:18:29.449 +00:00 [INF] HTTP POST /api/v1/Auth/refresh responded 401 in 2029.3524 ms
2026-01-06 13:18:29.449 +00:00 [INF] HTTP POST /api/v1/Auth/refresh responded 401 in 2024.7359 ms
2026-01-06 13:18:29.449 +00:00 [INF] HTTP POST /api/v1/Auth/refresh responded 401 in 2015.7058 ms
2026-01-06 13:18:29.449 +00:00 [INF] HTTP POST /api/v1/Auth/refresh responded 401 in 2012.1765 ms
2026-01-06 13:23:10.441 +00:00 [INF] HTTP OPTIONS /api/v1/Auth/login responded 204 in 0.1929 ms
2026-01-06 13:23:11.064 +00:00 [INF] HTTP POST /api/v1/Auth/login responded 200 in 619.4766 ms
2026-01-06 13:23:11.090 +00:00 [INF] HTTP OPTIONS /api/v1/Auth/me responded 204 in 0.2183 ms
2026-01-06 13:23:11.136 +00:00 [INF] HTTP GET /api/v1/Auth/me responded 200 in 41.3309 ms
2026-01-06 13:23:11.146 +00:00 [INF] HTTP OPTIONS /api/v1/Employee/21816 responded 204 in 0.3201 ms
2026-01-06 13:23:11.514 +00:00 [WRN] No store type was specified for the decimal property 'Rate' on entity type 'EmployeePayHistory'. This will cause values to be silently truncated if they do not fit in the default precision and scale. Explicitly specify the SQL server column type that can accommodate all the values in 'OnModelCreating' using 'HasColumnType', specify precision and scale using 'HasPrecision', or configure a value converter using 'HasConversion'.
2026-01-06 13:23:11.603 +00:00 [WRN] Compiling a query which loads related collections for more than one collection navigation, either via 'Include' or through projection, but no 'QuerySplittingBehavior' has been configured. By default, Entity Framework will use 'QuerySplittingBehavior.SingleQuery', which can potentially result in slow query performance. See https://go.microsoft.com/fwlink/?linkid=2134277 for more information. To identify the query that's triggering this warning call 'ConfigureWarnings(w => w.Throw(RelationalEventId.MultipleCollectionIncludeWarning))'.
2026-01-06 13:23:12.108 +00:00 [INF] HTTP GET /api/v1/Employee/21816 responded 200 in 957.5582 ms
2026-01-06 13:23:59.973 +00:00 [INF] HTTP OPTIONS /api/v1/Auth/logout responded 204 in 0.1801 ms
2026-01-06 13:24:00.024 +00:00 [INF] HTTP POST /api/v1/Auth/logout responded 200 in 48.7544 ms
2026-01-06 13:24:35.706 +00:00 [INF] HTTP OPTIONS /api/v1/Auth/login responded 204 in 0.4039 ms
2026-01-06 13:24:35.860 +00:00 [INF] HTTP POST /api/v1/Auth/login responded 200 in 151.4350 ms
2026-01-06 13:24:35.874 +00:00 [INF] HTTP OPTIONS /api/v1/Auth/me responded 204 in 0.1033 ms
2026-01-06 13:24:35.881 +00:00 [INF] HTTP GET /api/v1/Auth/me responded 200 in 1.6557 ms
2026-01-06 13:24:35.899 +00:00 [INF] HTTP OPTIONS /api/v1/Employee/21815 responded 204 in 0.1181 ms
2026-01-06 13:24:35.924 +00:00 [INF] HTTP GET /api/v1/Employee/21815 responded 200 in 21.6699 ms
2026-01-06 13:25:01.421 +00:00 [INF] HTTP OPTIONS /api/v1/Employee responded 204 in 0.2262 ms
2026-01-06 13:25:01.525 +00:00 [WRN] The query uses a row limiting operator ('Skip'/'Take') without an 'OrderBy' operator. This may lead to unpredictable results. If the 'Distinct' operator is used after 'OrderBy', then make sure to use the 'OrderBy' operator after 'Distinct' as the ordering would otherwise get erased.
2026-01-06 13:25:01.561 +00:00 [INF] HTTP GET /api/v1/Employee responded 200 in 132.6805 ms
2026-01-06 13:25:01.573 +00:00 [INF] HTTP GET /api/v1/Employee responded 200 in 7.5073 ms
2026-01-06 13:25:12.944 +00:00 [INF] HTTP OPTIONS /api/v1/Employee/15 responded 204 in 0.0357 ms
2026-01-06 13:25:12.944 +00:00 [INF] HTTP OPTIONS /api/v1/Employee/15 responded 204 in 0.2218 ms
2026-01-06 13:25:13.023 +00:00 [INF] HTTP GET /api/v1/Employee/15 responded 200 in 69.4858 ms
2026-01-06 13:25:13.031 +00:00 [INF] HTTP GET /api/v1/Employee/15 responded 200 in 5.5095 ms
2026-01-06 13:25:22.199 +00:00 [INF] HTTP OPTIONS /api/v1/Employee responded 204 in 0.2664 ms
2026-01-06 13:25:22.199 +00:00 [INF] HTTP OPTIONS /api/v1/Employee responded 204 in 0.3036 ms
2026-01-06 13:25:22.223 +00:00 [INF] HTTP GET /api/v1/Employee responded 200 in 20.6053 ms
2026-01-06 13:25:22.240 +00:00 [INF] HTTP GET /api/v1/Employee responded 200 in 10.3233 ms
2026-01-06 13:25:38.146 +00:00 [INF] HTTP OPTIONS /api/v1/Opening responded 204 in 0.1954 ms
2026-01-06 13:25:38.147 +00:00 [INF] HTTP OPTIONS /api/v1/Opening responded 204 in 0.0300 ms
2026-01-06 13:25:38.189 +00:00 [INF] HTTP GET /api/v1/Opening responded 200 in 39.7658 ms
2026-01-06 13:25:38.193 +00:00 [INF] HTTP GET /api/v1/Opening responded 200 in 2.2378 ms
2026-01-06 13:26:01.909 +00:00 [INF] HTTP OPTIONS /api/v1/Opening responded 204 in 0.1256 ms
2026-01-06 13:26:01.962 +00:00 [INF] HTTP POST /api/v1/Opening responded 201 in 50.3108 ms
2026-01-06 13:26:02.004 +00:00 [INF] HTTP GET /api/v1/Opening responded 200 in 9.1427 ms
2026-01-06 13:26:02.010 +00:00 [INF] HTTP GET /api/v1/Opening responded 200 in 2.4527 ms
2026-01-06 13:26:19.416 +00:00 [INF] HTTP OPTIONS /api/v1/Opening responded 204 in 0.1796 ms
2026-01-06 13:26:19.417 +00:00 [INF] HTTP OPTIONS /api/v1/Opening responded 204 in 0.0265 ms
2026-01-06 13:26:19.431 +00:00 [INF] HTTP GET /api/v1/Opening responded 200 in 11.5294 ms
2026-01-06 13:26:19.447 +00:00 [INF] HTTP GET /api/v1/Opening responded 200 in 10.6286 ms
2026-01-06 13:26:22.583 +00:00 [INF] HTTP OPTIONS /api/v1/CandidateInfo/by-opening/1009 responded 204 in 0.1129 ms
2026-01-06 13:26:22.677 +00:00 [INF] HTTP GET /api/v1/CandidateInfo/by-opening/1009 responded 200 in 87.2656 ms
2026-01-06 13:26:22.684 +00:00 [INF] HTTP GET /api/v1/CandidateInfo/by-opening/1009 responded 200 in 4.6520 ms
2026-01-06 13:26:28.489 +00:00 [INF] HTTP OPTIONS /api/v1/Opening responded 204 in 0.0709 ms
2026-01-06 13:26:28.502 +00:00 [INF] HTTP GET /api/v1/Opening responded 200 in 7.4527 ms
2026-01-06 13:26:28.518 +00:00 [INF] HTTP GET /api/v1/Opening responded 200 in 12.0775 ms
2026-01-06 13:26:29.691 +00:00 [INF] HTTP OPTIONS /api/v1/CandidateInfo/by-opening/11 responded 204 in 0.0760 ms
2026-01-06 13:26:29.691 +00:00 [INF] HTTP OPTIONS /api/v1/CandidateInfo/by-opening/11 responded 204 in 0.0760 ms
2026-01-06 13:26:29.759 +00:00 [INF] HTTP GET /api/v1/CandidateInfo/by-opening/11 responded 200 in 64.5797 ms
2026-01-06 13:26:29.764 +00:00 [INF] HTTP GET /api/v1/CandidateInfo/by-opening/11 responded 200 in 2.8884 ms
2026-01-06 13:26:42.551 +00:00 [INF] HTTP OPTIONS /api/v1/CandidateInfo/by-opening/11 responded 204 in 0.1317 ms
2026-01-06 13:26:42.562 +00:00 [INF] HTTP GET /api/v1/CandidateInfo/by-opening/11 responded 200 in 6.1167 ms
2026-01-06 13:26:42.586 +00:00 [INF] HTTP GET /api/v1/CandidateInfo/by-opening/11 responded 200 in 18.6394 ms
2026-01-06 13:26:44.575 +00:00 [INF] HTTP GET /api/v1/JobCandidate/download-cv/12345678.pdf responded 200 in 36.9949 ms
2026-01-06 13:26:55.176 +00:00 [INF] HTTP OPTIONS /api/v1/Employee/21815 responded 204 in 0.1065 ms
2026-01-06 13:26:55.209 +00:00 [INF] HTTP GET /api/v1/Employee/21815 responded 200 in 29.6266 ms
2026-01-06 13:26:55.218 +00:00 [INF] HTTP GET /api/v1/Employee/21815 responded 200 in 7.4647 ms
2026-01-06 13:27:03.405 +00:00 [INF] HTTP OPTIONS /api/v1/Auth/logout responded 204 in 0.1199 ms
2026-01-06 13:27:03.440 +00:00 [INF] HTTP POST /api/v1/Auth/logout responded 200 in 31.1802 ms
2026-01-06 13:27:39.317 +00:00 [INF] HTTP OPTIONS /api/v1/Auth/login responded 204 in 0.3199 ms
2026-01-06 13:27:39.470 +00:00 [INF] HTTP POST /api/v1/Auth/login responded 200 in 144.1652 ms
2026-01-06 13:27:39.488 +00:00 [INF] HTTP OPTIONS /api/v1/Auth/me responded 204 in 0.1098 ms
2026-01-06 13:27:39.494 +00:00 [INF] HTTP GET /api/v1/Auth/me responded 200 in 1.6791 ms
2026-01-06 13:27:39.512 +00:00 [INF] HTTP OPTIONS /api/v1/Employee/21816 responded 204 in 0.1167 ms
2026-01-06 13:27:39.544 +00:00 [INF] HTTP GET /api/v1/Employee/21816 responded 200 in 28.7802 ms
2026-01-06 13:27:48.850 +00:00 [INF] HTTP OPTIONS /api/v1/Auth/me responded 204 in 0.2096 ms
2026-01-06 13:27:48.862 +00:00 [INF] HTTP OPTIONS /api/v1/Auth/me responded 204 in 0.2038 ms
2026-01-06 13:27:48.858 +00:00 [INF] HTTP OPTIONS /api/v1/Auth/me responded 204 in 0.1267 ms
2026-01-06 13:27:48.863 +00:00 [INF] HTTP OPTIONS /api/v1/Auth/me responded 204 in 0.0902 ms
2026-01-06 13:27:48.866 +00:00 [INF] HTTP GET /api/v1/Auth/me responded 200 in 1.8101 ms
2026-01-06 13:27:48.873 +00:00 [INF] HTTP GET /api/v1/Auth/me responded 200 in 4.8067 ms
2026-01-06 13:27:48.878 +00:00 [INF] HTTP GET /api/v1/Auth/me responded 200 in 1.9968 ms
2026-01-06 13:27:48.884 +00:00 [INF] HTTP GET /api/v1/Auth/me responded 200 in 1.8992 ms
2026-01-06 13:33:24.617 +00:00 [INF] HTTP OPTIONS /api/v1/Auth/me responded 204 in 0.1267 ms
2026-01-06 13:33:24.625 +00:00 [INF] HTTP GET /api/v1/Auth/me responded 200 in 2.0085 ms
2026-01-06 13:33:24.641 +00:00 [INF] HTTP GET /api/v1/Auth/me responded 200 in 1.3405 ms
2026-01-06 13:33:24.657 +00:00 [INF] HTTP GET /api/v1/Auth/me responded 200 in 2.4393 ms
2026-01-06 13:33:24.676 +00:00 [INF] HTTP GET /api/v1/Auth/me responded 200 in 1.9072 ms
2026-01-06 13:33:24.715 +00:00 [INF] HTTP OPTIONS /api/v1/Employee/21816 responded 204 in 0.0837 ms
2026-01-06 13:33:24.783 +00:00 [INF] HTTP GET /api/v1/Employee/21816 responded 200 in 63.8626 ms
2026-01-06 13:33:36.984 +00:00 [INF] HTTP OPTIONS /api/v1/Auth/me responded 204 in 0.0920 ms
2026-01-06 13:33:36.989 +00:00 [INF] HTTP GET /api/v1/Auth/me responded 200 in 1.5475 ms
2026-01-06 13:33:37.001 +00:00 [INF] HTTP GET /api/v1/Auth/me responded 200 in 2.3163 ms
2026-01-06 13:33:37.008 +00:00 [INF] HTTP GET /api/v1/Auth/me responded 200 in 1.3675 ms
2026-01-06 13:33:37.012 +00:00 [INF] HTTP GET /api/v1/Auth/me responded 200 in 1.3341 ms
2026-01-06 13:33:37.032 +00:00 [INF] HTTP OPTIONS /api/v1/Employee/21816 responded 204 in 0.0754 ms
2026-01-06 13:33:37.045 +00:00 [INF] HTTP GET /api/v1/Employee/21816 responded 200 in 8.7146 ms
2026-01-06 13:34:41.090 +00:00 [INF] HTTP OPTIONS /api/v1/Auth/me responded 204 in 0.0644 ms
2026-01-06 13:34:41.093 +00:00 [INF] HTTP GET /api/v1/Auth/me responded 200 in 0.7915 ms
2026-01-06 13:34:41.099 +00:00 [INF] HTTP GET /api/v1/Auth/me responded 200 in 0.7819 ms
2026-01-06 13:34:41.101 +00:00 [INF] HTTP GET /api/v1/Auth/me responded 200 in 0.9500 ms
2026-01-06 13:34:41.105 +00:00 [INF] HTTP GET /api/v1/Auth/me responded 200 in 1.3825 ms
2026-01-06 13:34:41.116 +00:00 [INF] HTTP OPTIONS /api/v1/Employee/21816 responded 204 in 0.1871 ms
2026-01-06 13:34:41.154 +00:00 [INF] HTTP GET /api/v1/Employee/21816 responded 200 in 30.0030 ms
2026-01-06 13:35:22.904 +00:00 [INF] HTTP OPTIONS /api/v1/Auth/me responded 204 in 0.0427 ms
2026-01-06 13:35:22.907 +00:00 [INF] HTTP GET /api/v1/Auth/me responded 200 in 0.8474 ms
2026-01-06 13:35:22.911 +00:00 [INF] HTTP GET /api/v1/Auth/me responded 200 in 0.5695 ms
2026-01-06 13:35:22.914 +00:00 [INF] HTTP GET /api/v1/Auth/me responded 200 in 0.7215 ms
2026-01-06 13:35:22.916 +00:00 [INF] HTTP GET /api/v1/Auth/me responded 200 in 0.5687 ms
2026-01-06 13:35:22.944 +00:00 [INF] HTTP OPTIONS /api/v1/Employee/21816 responded 204 in 0.0521 ms
2026-01-06 13:35:22.965 +00:00 [INF] HTTP GET /api/v1/Employee/21816 responded 200 in 17.4809 ms
2026-01-06 13:35:52.323 +00:00 [INF] HTTP OPTIONS /api/v1/Opening responded 204 in 0.0432 ms
2026-01-06 13:35:52.324 +00:00 [INF] HTTP OPTIONS /api/v1/Auth/me responded 204 in 0.0395 ms
2026-01-06 13:35:52.326 +00:00 [INF] HTTP OPTIONS /api/v1/Auth/me responded 204 in 0.0635 ms
2026-01-06 13:35:52.327 +00:00 [INF] HTTP OPTIONS /api/v1/Opening responded 204 in 0.0346 ms
2026-01-06 13:35:52.327 +00:00 [INF] HTTP OPTIONS /api/v1/Auth/me responded 204 in 0.0368 ms
2026-01-06 13:35:52.329 +00:00 [INF] HTTP OPTIONS /api/v1/Auth/me responded 204 in 0.0334 ms
2026-01-06 13:35:52.332 +00:00 [INF] HTTP GET /api/v1/Auth/me responded 200 in 0.8377 ms
2026-01-06 13:35:52.338 +00:00 [INF] HTTP GET /api/v1/Auth/me responded 200 in 2.1511 ms
2026-01-06 13:35:52.341 +00:00 [INF] HTTP GET /api/v1/Auth/me responded 200 in 0.7611 ms
2026-01-06 13:35:52.343 +00:00 [INF] HTTP GET /api/v1/Auth/me responded 200 in 0.8942 ms
2026-01-06 13:35:52.348 +00:00 [INF] HTTP GET /api/v1/Opening responded 200 in 16.3446 ms
2026-01-06 13:35:52.352 +00:00 [INF] HTTP GET /api/v1/Opening responded 200 in 2.5449 ms
2026-01-06 13:36:13.348 +00:00 [INF] HTTP OPTIONS /api/v1/Auth/me responded 204 in 0.0863 ms
2026-01-06 13:36:13.357 +00:00 [INF] HTTP GET /api/v1/Auth/me responded 200 in 4.3023 ms
2026-01-06 13:36:13.363 +00:00 [INF] HTTP GET /api/v1/Auth/me responded 200 in 1.3457 ms
2026-01-06 13:36:13.367 +00:00 [INF] HTTP GET /api/v1/Auth/me responded 200 in 0.8853 ms
2026-01-06 13:36:13.377 +00:00 [INF] HTTP GET /api/v1/Auth/me responded 200 in 5.0807 ms
2026-01-06 13:36:13.384 +00:00 [INF] HTTP OPTIONS /api/v1/Employee/21816 responded 204 in 0.0746 ms
2026-01-06 13:36:13.433 +00:00 [INF] HTTP GET /api/v1/Employee/21816 responded 200 in 43.6799 ms
2026-01-06 13:36:52.028 +00:00 [INF] HTTP OPTIONS /api/v1/Auth/me responded 204 in 0.0736 ms
2026-01-06 13:36:52.029 +00:00 [INF] HTTP OPTIONS /api/v1/Auth/me responded 204 in 0.0401 ms
2026-01-06 13:36:52.029 +00:00 [INF] HTTP OPTIONS /api/v1/Auth/me responded 204 in 0.0260 ms
2026-01-06 13:36:52.030 +00:00 [INF] HTTP OPTIONS /api/v1/Auth/me responded 204 in 0.0171 ms
2026-01-06 13:36:52.033 +00:00 [INF] HTTP GET /api/v1/Auth/me responded 200 in 1.4860 ms
2026-01-06 13:36:52.042 +00:00 [INF] HTTP GET /api/v1/Auth/me responded 200 in 5.7292 ms
2026-01-06 13:36:52.053 +00:00 [INF] HTTP GET /api/v1/Auth/me responded 200 in 5.3342 ms
2026-01-06 13:36:52.058 +00:00 [INF] HTTP OPTIONS /api/v1/Employee/21816 responded 204 in 0.0801 ms
2026-01-06 13:36:52.061 +00:00 [INF] HTTP GET /api/v1/Auth/me responded 200 in 1.7083 ms
2026-01-06 13:36:52.091 +00:00 [INF] HTTP GET /api/v1/Employee/21816 responded 200 in 30.1995 ms
2026-01-06 13:37:06.475 +00:00 [INF] HTTP OPTIONS /api/v1/Auth/logout responded 204 in 0.1588 ms
2026-01-06 13:37:06.501 +00:00 [INF] HTTP POST /api/v1/Auth/logout responded 200 in 22.1909 ms
2026-01-06 13:37:14.058 +00:00 [INF] HTTP OPTIONS /api/v1/Auth/login responded 204 in 0.1281 ms
2026-01-06 13:37:14.170 +00:00 [INF] HTTP POST /api/v1/Auth/login responded 200 in 109.5379 ms
2026-01-06 13:37:14.190 +00:00 [INF] HTTP OPTIONS /api/v1/Auth/me responded 204 in 0.1063 ms
2026-01-06 13:37:14.195 +00:00 [INF] HTTP GET /api/v1/Auth/me responded 200 in 0.8803 ms
2026-01-06 13:37:14.223 +00:00 [INF] HTTP OPTIONS /api/v1/Employee/21815 responded 204 in 0.0980 ms
2026-01-06 13:37:14.233 +00:00 [INF] HTTP GET /api/v1/Employee/21815 responded 200 in 6.2303 ms
2026-01-06 13:37:23.121 +00:00 [INF] HTTP OPTIONS /api/v1/Auth/me responded 204 in 0.0788 ms
2026-01-06 13:37:23.127 +00:00 [INF] HTTP OPTIONS /api/v1/Auth/me responded 204 in 0.1095 ms
2026-01-06 13:37:23.127 +00:00 [INF] HTTP OPTIONS /api/v1/Auth/me responded 204 in 0.0249 ms
2026-01-06 13:37:23.127 +00:00 [INF] HTTP OPTIONS /api/v1/Auth/me responded 204 in 0.0178 ms
2026-01-06 13:37:23.135 +00:00 [INF] HTTP GET /api/v1/Auth/me responded 200 in 4.2438 ms
2026-01-06 13:37:23.139 +00:00 [INF] HTTP GET /api/v1/Auth/me responded 200 in 1.2978 ms
2026-01-06 13:37:23.144 +00:00 [INF] HTTP GET /api/v1/Auth/me responded 200 in 1.4667 ms
2026-01-06 13:37:23.148 +00:00 [INF] HTTP GET /api/v1/Auth/me responded 200 in 1.6347 ms
2026-01-06 13:37:23.157 +00:00 [INF] HTTP OPTIONS /api/v1/Employee/1 responded 204 in 0.0888 ms
2026-01-06 13:37:23.201 +00:00 [INF] HTTP GET /api/v1/Employee/1 responded 200 in 41.7067 ms
2026-01-06 13:37:30.739 +00:00 [INF] HTTP OPTIONS /api/v1/Auth/logout responded 204 in 0.1838 ms
2026-01-06 13:37:30.765 +00:00 [INF] HTTP POST /api/v1/Auth/logout responded 200 in 21.0066 ms
2026-01-06 13:37:38.339 +00:00 [INF] HTTP OPTIONS /api/v1/Auth/login responded 204 in 0.0800 ms
2026-01-06 13:37:38.437 +00:00 [INF] HTTP POST /api/v1/Auth/login responded 200 in 94.2554 ms
2026-01-06 13:37:38.456 +00:00 [INF] HTTP OPTIONS /api/v1/Auth/me responded 204 in 0.0761 ms
2026-01-06 13:37:38.474 +00:00 [INF] HTTP GET /api/v1/Auth/me responded 200 in 0.9089 ms
2026-01-06 13:37:38.491 +00:00 [INF] HTTP OPTIONS /api/v1/Employee/21815 responded 204 in 0.0717 ms
2026-01-06 13:37:38.505 +00:00 [INF] HTTP GET /api/v1/Employee/21815 responded 200 in 9.9808 ms
2026-01-06 13:37:42.042 +00:00 [INF] HTTP GET /api/v1/Auth/me responded 200 in 0.9183 ms
2026-01-06 13:37:42.045 +00:00 [INF] HTTP GET /api/v1/Auth/me responded 200 in 0.7381 ms
2026-01-06 13:37:42.048 +00:00 [INF] HTTP GET /api/v1/Auth/me responded 200 in 0.6156 ms
2026-01-06 13:37:42.050 +00:00 [INF] HTTP GET /api/v1/Auth/me responded 200 in 0.9484 ms
2026-01-06 13:37:42.081 +00:00 [INF] HTTP OPTIONS /api/v1/Employee/1 responded 204 in 0.8380 ms
2026-01-06 13:37:42.095 +00:00 [INF] HTTP GET /api/v1/Employee/1 responded 200 in 9.1681 ms
2026-01-06 13:37:47.830 +00:00 [INF] HTTP OPTIONS /api/v1/Auth/logout responded 204 in 0.0682 ms
2026-01-06 13:37:47.847 +00:00 [INF] HTTP POST /api/v1/Auth/logout responded 200 in 14.1925 ms
2026-01-06 13:37:54.371 +00:00 [INF] HTTP OPTIONS /api/v1/Auth/login responded 204 in 0.0708 ms
2026-01-06 13:37:54.465 +00:00 [INF] HTTP POST /api/v1/Auth/login responded 200 in 89.2643 ms
2026-01-06 13:37:54.510 +00:00 [INF] HTTP OPTIONS /api/v1/Auth/me responded 204 in 0.0728 ms
2026-01-06 13:37:54.515 +00:00 [INF] HTTP GET /api/v1/Auth/me responded 200 in 1.5592 ms
2026-01-06 13:37:54.535 +00:00 [INF] HTTP OPTIONS /api/v1/Employee/21816 responded 204 in 0.1331 ms
2026-01-06 13:37:54.547 +00:00 [INF] HTTP GET /api/v1/Employee/21816 responded 200 in 6.0425 ms
2026-01-06 13:37:58.403 +00:00 [INF] HTTP GET /api/v1/Auth/me responded 200 in 1.2302 ms
2026-01-06 13:37:58.406 +00:00 [INF] HTTP GET /api/v1/Auth/me responded 200 in 1.0215 ms
2026-01-06 13:37:58.409 +00:00 [INF] HTTP GET /api/v1/Auth/me responded 200 in 1.1570 ms
2026-01-06 13:37:58.412 +00:00 [INF] HTTP GET /api/v1/Auth/me responded 200 in 0.5942 ms
2026-01-06 13:37:58.443 +00:00 [INF] HTTP GET /api/v1/Employee/21816 responded 200 in 13.8450 ms
2026-01-06 13:38:05.445 +00:00 [INF] HTTP OPTIONS /api/v1/Auth/me responded 204 in 0.0764 ms
2026-01-06 13:38:05.453 +00:00 [INF] HTTP GET /api/v1/Auth/me responded 200 in 2.6721 ms
2026-01-06 13:38:05.457 +00:00 [INF] HTTP GET /api/v1/Auth/me responded 200 in 0.8261 ms
2026-01-06 13:38:05.460 +00:00 [INF] HTTP GET /api/v1/Auth/me responded 200 in 0.9628 ms
2026-01-06 13:38:05.465 +00:00 [INF] HTTP GET /api/v1/Auth/me responded 200 in 0.8664 ms
2026-01-06 13:38:05.486 +00:00 [INF] HTTP OPTIONS /api/v1/Employee/21816 responded 204 in 0.1318 ms
2026-01-06 13:38:05.497 +00:00 [INF] HTTP GET /api/v1/Employee/21816 responded 200 in 5.0000 ms
2026-01-06 13:39:24.685 +00:00 [INF] HTTP OPTIONS /api/v1/Employee/21816 responded 204 in 0.0678 ms
2026-01-06 13:39:24.739 +00:00 [INF] HTTP GET /api/v1/Employee/21816 responded 200 in 51.7563 ms
2026-01-06 13:44:28.632 +00:00 [INF] HTTP OPTIONS /api/v1/Employee/21816 responded 204 in 0.0861 ms
2026-01-06 13:44:28.739 +00:00 [INF] HTTP GET /api/v1/Employee/21816 responded 200 in 104.5324 ms
2026-01-06 13:44:37.600 +00:00 [INF] HTTP OPTIONS /api/v1/Auth/me responded 204 in 0.0421 ms
2026-01-06 13:44:37.602 +00:00 [INF] HTTP OPTIONS /api/v1/Auth/me responded 204 in 0.0220 ms
2026-01-06 13:44:37.608 +00:00 [INF] HTTP GET /api/v1/Auth/me responded 200 in 0.5015 ms
2026-01-06 13:44:37.615 +00:00 [INF] HTTP GET /api/v1/Auth/me responded 200 in 0.5003 ms
2026-01-06 13:44:37.618 +00:00 [INF] HTTP GET /api/v1/Auth/me responded 200 in 0.5451 ms
2026-01-06 13:44:37.624 +00:00 [INF] HTTP GET /api/v1/Auth/me responded 200 in 0.8785 ms
2026-01-06 13:44:37.647 +00:00 [INF] HTTP OPTIONS /api/v1/Employee/21816 responded 204 in 0.0430 ms
2026-01-06 13:44:37.654 +00:00 [INF] HTTP GET /api/v1/Employee/21816 responded 200 in 5.7067 ms
2026-01-06 13:44:48.624 +00:00 [INF] HTTP OPTIONS /api/v1/Employee/21816 responded 204 in 0.0762 ms
2026-01-06 13:44:48.632 +00:00 [INF] HTTP GET /api/v1/Employee/21816 responded 200 in 4.1822 ms
2026-01-06 13:44:54.659 +00:00 [INF] HTTP OPTIONS /api/v1/Employee/21816 responded 204 in 0.0944 ms
2026-01-06 13:44:54.687 +00:00 [INF] HTTP GET /api/v1/Employee/21816 responded 200 in 19.3566 ms
2026-01-06 13:45:34.622 +00:00 [INF] HTTP OPTIONS /api/v1/Employee/21816 responded 204 in 0.0435 ms
2026-01-06 13:45:34.647 +00:00 [INF] HTTP GET /api/v1/Employee/21816 responded 200 in 23.6786 ms
2026-01-06 13:46:05.635 +00:00 [INF] HTTP OPTIONS /api/v1/Employee/21816 responded 204 in 0.0678 ms
2026-01-06 13:46:05.659 +00:00 [INF] HTTP GET /api/v1/Employee/21816 responded 200 in 21.9428 ms
2026-01-06 13:47:38.635 +00:00 [INF] HTTP OPTIONS /api/v1/Employee/21816 responded 204 in 0.0771 ms
2026-01-06 13:47:38.666 +00:00 [INF] HTTP GET /api/v1/Employee/21816 responded 200 in 26.5024 ms
2026-01-06 13:47:47.629 +00:00 [INF] HTTP OPTIONS /api/v1/Employee/21816 responded 204 in 0.0654 ms
2026-01-06 13:47:47.636 +00:00 [INF] HTTP GET /api/v1/Employee/21816 responded 200 in 4.8908 ms
2026-01-06 13:47:53.614 +00:00 [INF] HTTP OPTIONS /api/v1/Employee/21816 responded 204 in 0.0485 ms
2026-01-06 13:47:53.620 +00:00 [INF] HTTP GET /api/v1/Employee/21816 responded 200 in 3.0372 ms
2026-01-06 13:47:57.649 +00:00 [INF] HTTP GET /api/v1/Employee/21816 responded 200 in 16.1946 ms
2026-01-06 13:48:00.605 +00:00 [INF] HTTP OPTIONS /api/v1/Employee/21816 responded 204 in 0.0545 ms
2026-01-06 13:48:00.610 +00:00 [INF] HTTP GET /api/v1/Employee/21816 responded 200 in 2.4556 ms
2026-01-06 13:48:06.628 +00:00 [INF] HTTP OPTIONS /api/v1/Employee/21816 responded 204 in 0.0613 ms
2026-01-06 13:48:06.635 +00:00 [INF] HTTP GET /api/v1/Employee/21816 responded 200 in 4.0856 ms
2026-01-06 13:51:33.267 +00:00 [INF] HTTP OPTIONS /api/v1/Employee/21816 responded 204 in 0.1097 ms
2026-01-06 13:51:33.342 +00:00 [INF] HTTP GET /api/v1/Employee/21816 responded 200 in 70.3625 ms
2026-01-06 13:52:24.208 +00:00 [INF] HTTP OPTIONS /api/v1/Auth/me responded 204 in 0.0925 ms
2026-01-06 13:52:24.220 +00:00 [INF] HTTP OPTIONS /api/v1/Auth/me responded 204 in 0.1550 ms
2026-01-06 13:52:24.223 +00:00 [INF] HTTP GET /api/v1/Auth/me responded 200 in 1.0798 ms
2026-01-06 13:52:24.232 +00:00 [INF] HTTP GET /api/v1/Auth/me responded 200 in 1.2672 ms
2026-01-06 13:52:24.239 +00:00 [INF] HTTP GET /api/v1/Auth/me responded 200 in 1.3056 ms
2026-01-06 13:52:24.247 +00:00 [INF] HTTP GET /api/v1/Auth/me responded 200 in 1.1705 ms
2026-01-06 13:52:24.305 +00:00 [INF] HTTP OPTIONS /api/v1/Employee/21816 responded 204 in 0.1036 ms
2026-01-06 13:52:24.355 +00:00 [INF] HTTP GET /api/v1/Employee/21816 responded 200 in 43.0110 ms
2026-01-06 13:52:42.681 +00:00 [INF] HTTP OPTIONS /api/v1/Auth/me responded 204 in 0.0513 ms
2026-01-06 13:52:42.687 +00:00 [INF] HTTP GET /api/v1/Auth/me responded 200 in 0.7881 ms
2026-01-06 13:52:42.695 +00:00 [INF] HTTP GET /api/v1/Auth/me responded 200 in 1.1293 ms
2026-01-06 13:52:42.705 +00:00 [INF] HTTP GET /api/v1/Auth/me responded 200 in 0.8089 ms
2026-01-06 13:52:42.714 +00:00 [INF] HTTP GET /api/v1/Auth/me responded 200 in 0.7896 ms
2026-01-06 13:52:42.749 +00:00 [INF] HTTP OPTIONS /api/v1/Employee/21816 responded 204 in 0.0460 ms
2026-01-06 13:52:42.821 +00:00 [INF] HTTP GET /api/v1/Employee/21816 responded 200 in 69.2737 ms
2026-01-06 13:53:52.724 +00:00 [INF] HTTP OPTIONS /api/v1/Employee/21816 responded 204 in 0.0834 ms
2026-01-06 13:53:52.773 +00:00 [INF] HTTP GET /api/v1/Employee/21816 responded 200 in 45.8124 ms
2026-01-06 13:54:02.685 +00:00 [INF] HTTP OPTIONS /api/v1/Employee/21816 responded 204 in 0.0529 ms
2026-01-06 13:54:02.692 +00:00 [INF] HTTP GET /api/v1/Employee/21816 responded 200 in 4.6765 ms
2026-01-06 13:54:16.454 +00:00 [INF] HTTP OPTIONS /api/v1/Auth/logout responded 204 in 0.1662 ms
2026-01-06 13:54:16.460 +00:00 [INF] HTTP POST /api/v1/Auth/logout responded 401 in 2.3334 ms
2026-01-06 13:54:16.490 +00:00 [INF] HTTP OPTIONS /api/v1/Auth/refresh responded 204 in 0.0843 ms
2026-01-06 13:54:16.693 +00:00 [INF] HTTP POST /api/v1/Auth/refresh responded 200 in 199.4843 ms
2026-01-06 13:54:16.704 +00:00 [INF] HTTP POST /api/v1/Auth/logout responded 200 in 5.0060 ms
2026-01-06 13:54:31.242 +00:00 [INF] HTTP OPTIONS /api/v1/Auth/login responded 204 in 0.1081 ms
2026-01-06 13:54:31.432 +00:00 [INF] HTTP POST /api/v1/Auth/login responded 200 in 169.0199 ms
2026-01-06 13:54:31.493 +00:00 [INF] HTTP OPTIONS /api/v1/Auth/me responded 204 in 0.1639 ms
2026-01-06 13:54:31.518 +00:00 [INF] HTTP GET /api/v1/Auth/me responded 200 in 1.1562 ms
2026-01-06 13:54:31.584 +00:00 [INF] HTTP OPTIONS /api/v1/Employee/21815 responded 204 in 0.0873 ms
2026-01-06 13:54:31.604 +00:00 [INF] HTTP GET /api/v1/Employee/21815 responded 200 in 13.2817 ms
2026-01-06 13:54:44.395 +00:00 [INF] HTTP OPTIONS /api/v1/Auth/me responded 204 in 0.9361 ms
2026-01-06 13:54:44.404 +00:00 [INF] HTTP GET /api/v1/Auth/me responded 200 in 1.1198 ms
2026-01-06 13:54:44.423 +00:00 [INF] HTTP GET /api/v1/Auth/me responded 200 in 6.4380 ms
2026-01-06 13:54:44.428 +00:00 [INF] HTTP GET /api/v1/Auth/me responded 200 in 1.5542 ms
2026-01-06 13:54:44.433 +00:00 [INF] HTTP GET /api/v1/Auth/me responded 200 in 2.0775 ms
2026-01-06 13:54:44.545 +00:00 [INF] HTTP OPTIONS /api/v1/Employee/1 responded 204 in 0.1403 ms
2026-01-06 13:54:44.586 +00:00 [INF] HTTP GET /api/v1/Employee/1 responded 200 in 23.1016 ms
2026-01-06 13:54:48.972 +00:00 [INF] HTTP OPTIONS /api/v1/Auth/logout responded 204 in 0.0764 ms
2026-01-06 13:54:49.043 +00:00 [INF] HTTP POST /api/v1/Auth/logout responded 200 in 57.4648 ms
2026-01-06 13:54:56.602 +00:00 [INF] HTTP OPTIONS /api/v1/Auth/login responded 204 in 0.7924 ms
2026-01-06 13:54:56.774 +00:00 [INF] HTTP POST /api/v1/Auth/login responded 200 in 165.9765 ms
2026-01-06 13:54:56.857 +00:00 [INF] HTTP OPTIONS /api/v1/Auth/me responded 204 in 0.6535 ms
2026-01-06 13:54:56.883 +00:00 [INF] HTTP GET /api/v1/Auth/me responded 200 in 2.7494 ms
2026-01-06 13:54:56.917 +00:00 [INF] HTTP OPTIONS /api/v1/Employee/21816 responded 204 in 0.1515 ms
2026-01-06 13:54:57.006 +00:00 [INF] HTTP GET /api/v1/Employee/21816 responded 200 in 82.3358 ms
2026-01-06 13:59:47.488 +00:00 [INF] HTTP OPTIONS /api/v1/Auth/me responded 204 in 0.0605 ms
2026-01-06 13:59:47.489 +00:00 [INF] HTTP OPTIONS /api/v1/Auth/me responded 204 in 0.0278 ms
2026-01-06 13:59:47.490 +00:00 [INF] HTTP OPTIONS /api/v1/Auth/me responded 204 in 0.1460 ms
2026-01-06 13:59:47.490 +00:00 [INF] HTTP OPTIONS /api/v1/Auth/me responded 204 in 0.0268 ms
2026-01-06 13:59:47.499 +00:00 [INF] HTTP GET /api/v1/Auth/me responded 200 in 0.8706 ms
2026-01-06 13:59:47.503 +00:00 [INF] HTTP GET /api/v1/Auth/me responded 200 in 0.6878 ms
2026-01-06 13:59:47.506 +00:00 [INF] HTTP GET /api/v1/Auth/me responded 200 in 0.7267 ms
2026-01-06 13:59:47.510 +00:00 [INF] HTTP GET /api/v1/Auth/me responded 200 in 0.6518 ms
2026-01-06 13:59:47.553 +00:00 [INF] HTTP OPTIONS /api/v1/Employee/21816 responded 204 in 0.0889 ms
2026-01-06 13:59:47.604 +00:00 [INF] HTTP GET /api/v1/Employee/21816 responded 200 in 46.0269 ms
2026-01-06 14:24:23.401 +00:00 [INF] HTTP OPTIONS /api/v1/Auth/me responded 204 in 0.0234 ms
2026-01-06 14:24:23.401 +00:00 [INF] HTTP OPTIONS /api/v1/Auth/me responded 204 in 0.0706 ms
2026-01-06 14:24:23.402 +00:00 [INF] HTTP OPTIONS /api/v1/Auth/me responded 204 in 0.0142 ms
2026-01-06 14:24:23.403 +00:00 [INF] HTTP OPTIONS /api/v1/Auth/me responded 204 in 0.0397 ms
2026-01-06 14:24:23.408 +00:00 [INF] HTTP GET /api/v1/Auth/me responded 401 in 0.4324 ms
2026-01-06 14:24:23.410 +00:00 [INF] HTTP GET /api/v1/Auth/me responded 401 in 0.3301 ms
2026-01-06 14:24:23.412 +00:00 [INF] HTTP OPTIONS /api/v1/Auth/refresh responded 204 in 0.0471 ms
2026-01-06 14:24:23.414 +00:00 [INF] HTTP GET /api/v1/Auth/me responded 401 in 0.3204 ms
2026-01-06 14:24:23.425 +00:00 [INF] HTTP GET /api/v1/Auth/me responded 401 in 0.3356 ms
2026-01-06 14:24:23.466 +00:00 [INF] HTTP POST /api/v1/Auth/refresh responded 200 in 44.6977 ms
2026-01-06 14:24:23.466 +00:00 [INF] HTTP POST /api/v1/Auth/refresh responded 200 in 48.3656 ms
2026-01-06 14:24:23.470 +00:00 [INF] HTTP GET /api/v1/Auth/me responded 200 in 0.5745 ms
2026-01-06 14:24:23.472 +00:00 [INF] HTTP GET /api/v1/Auth/me responded 200 in 0.6327 ms
2026-01-06 14:24:23.477 +00:00 [INF] HTTP POST /api/v1/Auth/refresh responded 200 in 62.9532 ms
2026-01-06 14:24:23.479 +00:00 [INF] HTTP POST /api/v1/Auth/refresh responded 200 in 48.1967 ms
2026-01-06 14:24:23.481 +00:00 [INF] HTTP OPTIONS /api/v1/Employee/21816 responded 204 in 0.0529 ms
2026-01-06 14:24:23.487 +00:00 [INF] HTTP GET /api/v1/Auth/me responded 200 in 0.3915 ms
2026-01-06 14:24:23.490 +00:00 [INF] HTTP GET /api/v1/Auth/me responded 200 in 0.5602 ms
2026-01-06 14:24:23.732 +00:00 [INF] HTTP GET /api/v1/Employee/21816 responded 200 in 245.7563 ms
2026-01-06 14:39:28.812 +00:00 [INF] HTTP OPTIONS /api/v1/Auth/logout responded 204 in 0.1073 ms
2026-01-06 14:39:28.814 +00:00 [INF] HTTP POST /api/v1/Auth/logout responded 401 in 0.8697 ms
2026-01-06 14:39:28.818 +00:00 [INF] HTTP OPTIONS /api/v1/Auth/refresh responded 204 in 0.0411 ms
2026-01-06 14:39:28.864 +00:00 [INF] HTTP POST /api/v1/Auth/refresh responded 200 in 44.0888 ms
2026-01-06 14:39:28.872 +00:00 [INF] HTTP POST /api/v1/Auth/logout responded 200 in 3.2895 ms
2026-01-06 14:40:19.204 +00:00 [INF] HTTP OPTIONS /api/v1/Auth/login responded 204 in 0.0464 ms
2026-01-06 14:40:19.321 +00:00 [INF] HTTP POST /api/v1/Auth/login responded 200 in 114.5511 ms
2026-01-06 14:40:19.334 +00:00 [INF] HTTP OPTIONS /api/v1/Auth/me responded 204 in 0.0459 ms
2026-01-06 14:40:19.337 +00:00 [INF] HTTP GET /api/v1/Auth/me responded 200 in 0.5404 ms
2026-01-06 14:40:19.352 +00:00 [INF] HTTP OPTIONS /api/v1/Employee/21816 responded 204 in 0.0506 ms
2026-01-06 14:40:19.625 +00:00 [INF] HTTP GET /api/v1/Employee/21816 responded 200 in 270.1620 ms
2026-01-06 14:42:10.344 +00:00 [INF] HTTP OPTIONS /api/v1/Auth/me responded 204 in 0.0651 ms
2026-01-06 14:42:10.348 +00:00 [INF] HTTP GET /api/v1/Auth/me responded 200 in 0.6024 ms
2026-01-06 14:42:10.352 +00:00 [INF] HTTP GET /api/v1/Auth/me responded 200 in 0.4471 ms
2026-01-06 14:42:10.354 +00:00 [INF] HTTP GET /api/v1/Auth/me responded 200 in 0.5000 ms
2026-01-06 14:42:10.357 +00:00 [INF] HTTP GET /api/v1/Auth/me responded 200 in 0.5212 ms
2026-01-06 14:42:10.373 +00:00 [INF] HTTP OPTIONS /api/v1/Employee/21816 responded 204 in 0.0528 ms
2026-01-06 14:42:10.416 +00:00 [INF] HTTP GET /api/v1/Employee/21816 responded 200 in 41.6373 ms
2026-01-06 14:42:37.922 +00:00 [INF] HTTP OPTIONS /api/v1/Auth/me responded 204 in 0.0384 ms
2026-01-06 14:42:37.925 +00:00 [INF] HTTP GET /api/v1/Auth/me responded 200 in 0.6501 ms
2026-01-06 14:42:37.931 +00:00 [INF] HTTP GET /api/v1/Auth/me responded 200 in 0.5921 ms
2026-01-06 14:42:37.933 +00:00 [INF] HTTP GET /api/v1/Auth/me responded 200 in 0.5990 ms
2026-01-06 14:42:37.934 +00:00 [INF] HTTP GET /api/v1/Auth/me responded 200 in 0.5107 ms
2026-01-06 14:42:37.955 +00:00 [INF] HTTP OPTIONS /api/v1/Employee/21816 responded 204 in 0.0490 ms
2026-01-06 14:42:37.963 +00:00 [INF] HTTP GET /api/v1/Employee/21816 responded 200 in 5.4143 ms
2026-01-06 14:42:59.865 +00:00 [INF] HTTP OPTIONS /api/v1/Auth/logout responded 204 in 0.0457 ms
2026-01-06 14:42:59.878 +00:00 [INF] HTTP POST /api/v1/Auth/logout responded 200 in 11.3400 ms
2026-01-06 14:43:36.116 +00:00 [INF] HTTP OPTIONS /api/v1/Auth/login responded 204 in 0.0535 ms
2026-01-06 14:43:36.223 +00:00 [INF] HTTP POST /api/v1/Auth/login responded 200 in 104.7663 ms
2026-01-06 14:43:36.234 +00:00 [INF] HTTP OPTIONS /api/v1/Auth/me responded 204 in 0.0535 ms
2026-01-06 14:43:36.237 +00:00 [INF] HTTP GET /api/v1/Auth/me responded 200 in 0.7437 ms
2026-01-06 14:43:36.258 +00:00 [INF] HTTP OPTIONS /api/v1/Employee/21815 responded 204 in 0.4343 ms
2026-01-06 14:43:36.296 +00:00 [INF] HTTP GET /api/v1/Employee/21815 responded 200 in 35.0253 ms
2026-01-06 14:44:45.059 +00:00 [INF] HTTP OPTIONS /api/v1/Auth/me responded 204 in 0.0405 ms
2026-01-06 14:44:45.059 +00:00 [INF] HTTP OPTIONS /api/v1/Auth/me responded 204 in 0.0423 ms
2026-01-06 14:44:45.060 +00:00 [INF] HTTP OPTIONS /api/v1/Auth/me responded 204 in 0.0323 ms
2026-01-06 14:44:45.062 +00:00 [INF] HTTP OPTIONS /api/v1/Auth/me responded 204 in 0.0574 ms
2026-01-06 14:44:45.063 +00:00 [INF] HTTP GET /api/v1/Auth/me responded 200 in 0.6592 ms
2026-01-06 14:44:45.066 +00:00 [INF] HTTP GET /api/v1/Auth/me responded 200 in 0.8143 ms
2026-01-06 14:44:45.068 +00:00 [INF] HTTP GET /api/v1/Auth/me responded 200 in 0.5303 ms
2026-01-06 14:44:45.070 +00:00 [INF] HTTP GET /api/v1/Auth/me responded 200 in 0.8940 ms
2026-01-06 14:44:45.086 +00:00 [INF] HTTP OPTIONS /api/v1/Employee/21815 responded 204 in 0.0494 ms
2026-01-06 14:44:45.113 +00:00 [INF] HTTP GET /api/v1/Employee/21815 responded 200 in 23.9502 ms
2026-01-06 14:45:00.089 +00:00 [INF] HTTP OPTIONS /api/v1/Auth/me responded 204 in 0.1289 ms
2026-01-06 14:45:00.089 +00:00 [INF] HTTP OPTIONS /api/v1/Auth/me responded 204 in 0.0304 ms
2026-01-06 14:45:00.090 +00:00 [INF] HTTP OPTIONS /api/v1/Auth/me responded 204 in 2.1555 ms
2026-01-06 14:45:00.093 +00:00 [INF] HTTP OPTIONS /api/v1/Auth/me responded 204 in 0.0515 ms
2026-01-06 14:45:00.097 +00:00 [INF] HTTP GET /api/v1/Auth/me responded 200 in 0.9772 ms
2026-01-06 14:45:00.099 +00:00 [INF] HTTP GET /api/v1/Auth/me responded 200 in 0.5343 ms
2026-01-06 14:45:00.102 +00:00 [INF] HTTP GET /api/v1/Auth/me responded 200 in 0.8606 ms
2026-01-06 14:45:00.104 +00:00 [INF] HTTP GET /api/v1/Auth/me responded 200 in 0.6376 ms
2026-01-06 14:45:39.070 +00:00 [INF] HTTP OPTIONS /api/v1/Auth/login responded 204 in 0.0515 ms
2026-01-06 14:45:39.180 +00:00 [INF] HTTP POST /api/v1/Auth/login responded 200 in 108.4448 ms
2026-01-06 14:45:39.195 +00:00 [INF] HTTP OPTIONS /api/v1/Auth/me responded 204 in 0.0488 ms
2026-01-06 14:45:39.198 +00:00 [INF] HTTP GET /api/v1/Auth/me responded 200 in 0.5440 ms
2026-01-06 14:45:39.215 +00:00 [INF] HTTP OPTIONS /api/v1/Employee/21815 responded 204 in 0.0497 ms
2026-01-06 14:45:39.238 +00:00 [INF] HTTP GET /api/v1/Employee/21815 responded 200 in 20.5212 ms
2026-01-06 14:45:55.270 +00:00 [INF] HTTP OPTIONS /api/v1/Opening responded 204 in 0.0611 ms
2026-01-06 14:45:55.286 +00:00 [INF] HTTP GET /api/v1/Opening responded 200 in 12.8380 ms
2026-01-06 14:45:55.289 +00:00 [INF] HTTP GET /api/v1/Opening responded 200 in 1.9431 ms
2026-01-06 14:46:25.475 +00:00 [INF] HTTP OPTIONS /api/v1/Auth/me responded 204 in 0.0807 ms
2026-01-06 14:46:25.477 +00:00 [INF] HTTP OPTIONS /api/v1/Auth/me responded 204 in 0.0409 ms
2026-01-06 14:46:25.477 +00:00 [INF] HTTP OPTIONS /api/v1/Auth/me responded 204 in 0.0710 ms
2026-01-06 14:46:25.478 +00:00 [INF] HTTP OPTIONS /api/v1/Auth/me responded 204 in 0.0242 ms
2026-01-06 14:46:25.480 +00:00 [INF] HTTP GET /api/v1/Auth/me responded 200 in 0.6851 ms
2026-01-06 14:46:25.482 +00:00 [INF] HTTP GET /api/v1/Auth/me responded 200 in 0.7019 ms
2026-01-06 14:46:25.483 +00:00 [INF] HTTP GET /api/v1/Auth/me responded 200 in 0.4386 ms
2026-01-06 14:46:25.485 +00:00 [INF] HTTP GET /api/v1/Auth/me responded 200 in 0.5650 ms
2026-01-06 14:46:33.909 +00:00 [INF] HTTP OPTIONS /api/v1/Auth/login responded 204 in 0.0510 ms
2026-01-06 14:46:34.015 +00:00 [INF] HTTP POST /api/v1/Auth/login responded 200 in 104.9001 ms
2026-01-06 14:46:34.032 +00:00 [INF] HTTP OPTIONS /api/v1/Auth/me responded 204 in 0.0433 ms
2026-01-06 14:46:34.034 +00:00 [INF] HTTP GET /api/v1/Auth/me responded 200 in 0.4477 ms
2026-01-06 14:46:34.049 +00:00 [INF] HTTP OPTIONS /api/v1/Employee/21815 responded 204 in 0.0432 ms
2026-01-06 14:46:34.086 +00:00 [INF] HTTP GET /api/v1/Employee/21815 responded 200 in 35.0144 ms
2026-01-06 14:46:35.526 +00:00 [INF] HTTP OPTIONS /api/v1/Opening responded 204 in 0.0814 ms
2026-01-06 14:46:35.533 +00:00 [INF] HTTP GET /api/v1/Opening responded 200 in 3.3875 ms
2026-01-06 14:46:35.539 +00:00 [INF] HTTP GET /api/v1/Opening responded 200 in 2.3263 ms
2026-01-06 14:47:11.117 +00:00 [INF] HTTP OPTIONS /api/v1/Employee/21815 responded 204 in 0.0644 ms
2026-01-06 14:47:11.118 +00:00 [INF] HTTP OPTIONS /api/v1/Employee/21815 responded 204 in 0.0279 ms
2026-01-06 14:47:11.124 +00:00 [INF] HTTP GET /api/v1/Employee/21815 responded 200 in 3.4638 ms
2026-01-06 14:47:11.129 +00:00 [INF] HTTP GET /api/v1/Employee/21815 responded 200 in 3.6807 ms
2026-01-06 14:47:12.709 +00:00 [INF] HTTP OPTIONS /api/v1/Auth/logout responded 204 in 0.0429 ms
2026-01-06 14:47:12.720 +00:00 [INF] HTTP POST /api/v1/Auth/logout responded 200 in 9.7716 ms
2026-01-06 14:47:17.536 +00:00 [INF] HTTP GET /api/v1/Opening responded 200 in 2.1997 ms
2026-01-06 14:47:17.542 +00:00 [INF] HTTP GET /api/v1/Opening responded 200 in 2.4683 ms
2026-01-06 14:47:48.004 +00:00 [INF] HTTP GET /api/v1/Opening responded 200 in 5.2497 ms
2026-01-06 14:47:48.008 +00:00 [INF] HTTP GET /api/v1/Opening responded 200 in 2.2465 ms
2026-01-06 15:59:22.781 +00:00 [INF] HTTP GET /api/v1/Opening responded 200 in 12.6577 ms
2026-01-06 15:59:22.785 +00:00 [INF] HTTP GET /api/v1/Opening responded 200 in 1.6453 ms
2026-01-06 16:17:09.281 +00:00 [WRN] Failed to determine the https port for redirect.
2026-01-06 16:17:09.328 +00:00 [INF] HTTP OPTIONS /api/v1/Auth/login responded 204 in 62.0920 ms
2026-01-06 16:17:11.181 +00:00 [INF] HTTP POST /api/v1/Auth/login responded 200 in 1810.0292 ms
2026-01-06 16:17:11.201 +00:00 [INF] HTTP OPTIONS /api/v1/Auth/me responded 204 in 0.8762 ms
2026-01-06 16:17:11.272 +00:00 [INF] HTTP GET /api/v1/Auth/me responded 200 in 67.6340 ms
2026-01-06 16:17:11.277 +00:00 [INF] HTTP OPTIONS /api/v1/Employee/21816 responded 204 in 0.1093 ms
2026-01-06 16:17:11.517 +00:00 [WRN] No store type was specified for the decimal property 'Rate' on entity type 'EmployeePayHistory'. This will cause values to be silently truncated if they do not fit in the default precision and scale. Explicitly specify the SQL server column type that can accommodate all the values in 'OnModelCreating' using 'HasColumnType', specify precision and scale using 'HasPrecision', or configure a value converter using 'HasConversion'.
2026-01-06 16:17:11.597 +00:00 [WRN] Compiling a query which loads related collections for more than one collection navigation, either via 'Include' or through projection, but no 'QuerySplittingBehavior' has been configured. By default, Entity Framework will use 'QuerySplittingBehavior.SingleQuery', which can potentially result in slow query performance. See https://go.microsoft.com/fwlink/?linkid=2134277 for more information. To identify the query that's triggering this warning call 'ConfigureWarnings(w => w.Throw(RelationalEventId.MultipleCollectionIncludeWarning))'.
2026-01-06 16:17:11.960 +00:00 [INF] HTTP GET /api/v1/Employee/21816 responded 200 in 679.5368 ms
2026-01-06 16:24:45.831 +00:00 [INF] HTTP OPTIONS /api/v1/Auth/logout responded 204 in 0.6249 ms
2026-01-06 16:24:45.976 +00:00 [INF] HTTP POST /api/v1/Auth/logout responded 200 in 142.3864 ms
2026-01-06 16:25:07.736 +00:00 [INF] HTTP GET /api/v1/Opening responded 200 in 77.1075 ms
2026-01-06 16:25:07.809 +00:00 [INF] HTTP GET /api/v1/Opening responded 200 in 70.6560 ms
2026-01-06 16:25:30.581 +00:00 [INF] HTTP GET /api/v1/Opening responded 200 in 5.4064 ms
2026-01-06 16:25:30.585 +00:00 [INF] HTTP GET /api/v1/Opening responded 200 in 2.2490 ms
2026-01-06 16:26:17.464 +00:00 [INF] HTTP POST /api/v1/JobCandidate/upload-cv responded 200 in 36.8712 ms
2026-01-06 16:26:17.468 +00:00 [INF] HTTP OPTIONS /api/v1/JobCandidate responded 204 in 0.0855 ms
2026-01-06 16:26:17.582 +00:00 [INF] HTTP POST /api/v1/JobCandidate responded 201 in 111.3580 ms
2026-01-06 16:26:17.585 +00:00 [INF] HTTP OPTIONS /api/v1/CandidateInfo responded 204 in 0.0715 ms
2026-01-06 16:26:17.660 +00:00 [INF] HTTP POST /api/v1/CandidateInfo responded 201 in 72.8019 ms
2026-01-06 16:29:29.803 +00:00 [INF] HTTP GET /api/v1/Opening responded 200 in 16.5605 ms
2026-01-06 16:29:29.808 +00:00 [INF] HTTP GET /api/v1/Opening responded 200 in 2.0897 ms
2026-01-06 16:30:18.667 +00:00 [INF] HTTP OPTIONS /api/v1/Auth/login responded 204 in 0.4488 ms
2026-01-06 16:30:18.799 +00:00 [INF] HTTP POST /api/v1/Auth/login responded 200 in 129.1100 ms
2026-01-06 16:30:18.811 +00:00 [INF] HTTP OPTIONS /api/v1/Auth/me responded 204 in 0.0845 ms
2026-01-06 16:30:18.815 +00:00 [INF] HTTP GET /api/v1/Auth/me responded 200 in 2.2822 ms
2026-01-06 16:30:18.828 +00:00 [INF] HTTP OPTIONS /api/v1/Employee/21815 responded 204 in 0.0788 ms
2026-01-06 16:30:18.861 +00:00 [INF] HTTP GET /api/v1/Employee/21815 responded 200 in 31.2945 ms
2026-01-06 16:33:40.814 +00:00 [INF] HTTP OPTIONS /api/v1/Auth/me responded 204 in 0.1386 ms
2026-01-06 16:33:40.814 +00:00 [INF] HTTP OPTIONS /api/v1/Auth/me responded 204 in 0.1389 ms
2026-01-06 16:33:40.817 +00:00 [INF] HTTP OPTIONS /api/v1/Auth/me responded 204 in 0.0969 ms
2026-01-06 16:33:40.817 +00:00 [INF] HTTP OPTIONS /api/v1/Auth/me responded 204 in 0.0376 ms
2026-01-06 16:33:40.820 +00:00 [INF] HTTP GET /api/v1/Auth/me responded 200 in 1.2690 ms
2026-01-06 16:33:40.823 +00:00 [INF] HTTP GET /api/v1/Auth/me responded 200 in 1.2987 ms
2026-01-06 16:33:40.825 +00:00 [INF] HTTP GET /api/v1/Auth/me responded 200 in 1.0683 ms
2026-01-06 16:33:40.828 +00:00 [INF] HTTP GET /api/v1/Auth/me responded 200 in 0.9810 ms
2026-01-06 16:33:40.839 +00:00 [INF] HTTP OPTIONS /api/v1/Employee/21815 responded 204 in 0.0981 ms
2026-01-06 16:33:40.877 +00:00 [INF] HTTP GET /api/v1/Employee/21815 responded 200 in 36.2718 ms
2026-01-06 16:33:42.640 +00:00 [INF] HTTP OPTIONS /api/v1/Opening responded 204 in 0.3241 ms
2026-01-06 16:33:42.656 +00:00 [INF] HTTP GET /api/v1/Opening responded 200 in 13.0338 ms
2026-01-06 16:33:42.660 +00:00 [INF] HTTP GET /api/v1/Opening responded 200 in 2.2634 ms
2026-01-06 16:33:46.967 +00:00 [INF] HTTP OPTIONS /api/v1/Employee/21815 responded 204 in 0.1129 ms
2026-01-06 16:33:46.973 +00:00 [INF] HTTP GET /api/v1/Employee/21815 responded 200 in 3.6753 ms
2026-01-06 16:33:46.983 +00:00 [INF] HTTP GET /api/v1/Employee/21815 responded 200 in 7.7029 ms
2026-01-06 16:35:50.246 +00:00 [INF] HTTP OPTIONS /api/v1/Auth/me responded 204 in 0.1215 ms
2026-01-06 16:35:50.246 +00:00 [INF] HTTP OPTIONS /api/v1/Auth/me responded 204 in 0.0398 ms
2026-01-06 16:35:50.247 +00:00 [INF] HTTP OPTIONS /api/v1/Auth/me responded 204 in 0.0352 ms
2026-01-06 16:35:50.247 +00:00 [INF] HTTP OPTIONS /api/v1/Auth/me responded 204 in 0.0383 ms
2026-01-06 16:35:50.251 +00:00 [INF] HTTP GET /api/v1/Auth/me responded 200 in 1.2374 ms
2026-01-06 16:35:50.254 +00:00 [INF] HTTP GET /api/v1/Auth/me responded 200 in 1.2166 ms
2026-01-06 16:35:50.257 +00:00 [INF] HTTP GET /api/v1/Auth/me responded 200 in 1.5704 ms
2026-01-06 16:35:50.261 +00:00 [INF] HTTP GET /api/v1/Auth/me responded 200 in 1.7932 ms
2026-01-06 16:35:50.469 +00:00 [INF] HTTP OPTIONS /api/v1/Employee/21815 responded 204 in 0.0987 ms
2026-01-06 16:35:50.506 +00:00 [INF] HTTP GET /api/v1/Employee/21815 responded 200 in 34.1830 ms
2026-01-06 16:35:50.512 +00:00 [INF] HTTP GET /api/v1/Employee/21815 responded 200 in 4.4303 ms
2026-01-06 16:35:53.698 +00:00 [INF] HTTP GET /api/v1/Auth/me responded 200 in 0.9818 ms
2026-01-06 16:35:53.702 +00:00 [INF] HTTP GET /api/v1/Auth/me responded 200 in 2.7988 ms
2026-01-06 16:35:53.704 +00:00 [INF] HTTP GET /api/v1/Auth/me responded 200 in 1.0478 ms
2026-01-06 16:35:53.706 +00:00 [INF] HTTP GET /api/v1/Auth/me responded 200 in 1.1514 ms
2026-01-06 16:35:53.725 +00:00 [INF] HTTP GET /api/v1/Employee/21815 responded 200 in 6.1280 ms
2026-01-06 16:35:55.017 +00:00 [INF] HTTP OPTIONS /api/v1/Opening responded 204 in 0.0851 ms
2026-01-06 16:35:55.018 +00:00 [INF] HTTP OPTIONS /api/v1/Opening responded 204 in 0.0469 ms
2026-01-06 16:35:55.023 +00:00 [INF] HTTP GET /api/v1/Opening responded 200 in 3.9914 ms
2026-01-06 16:35:55.027 +00:00 [INF] HTTP GET /api/v1/Opening responded 200 in 2.0300 ms
2026-01-06 16:36:02.327 +00:00 [INF] HTTP OPTIONS /api/v1/Auth/me responded 204 in 0.0701 ms
2026-01-06 16:36:02.330 +00:00 [INF] HTTP GET /api/v1/Auth/me responded 200 in 0.8143 ms
2026-01-06 16:36:02.338 +00:00 [INF] HTTP GET /api/v1/Auth/me responded 200 in 1.0181 ms
2026-01-06 16:36:02.341 +00:00 [INF] HTTP GET /api/v1/Auth/me responded 200 in 1.0553 ms
2026-01-06 16:36:02.346 +00:00 [INF] HTTP GET /api/v1/Auth/me responded 200 in 2.0882 ms
2026-01-06 16:36:02.355 +00:00 [INF] HTTP OPTIONS /api/v1/Employee/21815 responded 204 in 0.0689 ms
2026-01-06 16:36:02.363 +00:00 [INF] HTTP GET /api/v1/Employee/21815 responded 200 in 5.5978 ms
2026-01-06 16:36:03.814 +00:00 [INF] HTTP OPTIONS /api/v1/Opening responded 204 in 0.0815 ms
2026-01-06 16:36:03.819 +00:00 [INF] HTTP GET /api/v1/Opening responded 200 in 2.2110 ms
2026-01-06 16:36:03.823 +00:00 [INF] HTTP GET /api/v1/Opening responded 200 in 2.1143 ms
2026-01-06 16:36:06.474 +00:00 [INF] HTTP OPTIONS /api/v1/Opening/1009 responded 204 in 0.0459 ms
2026-01-06 16:36:06.554 +00:00 [ERR] An exception occurred in the database while saving changes for context type 'RhManagementApi.Data.AdventureWorksContext'.
Microsoft.EntityFrameworkCore.DbUpdateException: An error occurred while saving the entity changes. See the inner exception for details.
 ---> Microsoft.Data.SqlClient.SqlException (0x80131904): The DELETE statement conflicted with the REFERENCE constraint "FK__Candidate__Openi__041093DD". The conflict occurred in database "AdventureWorks2019", table "HumanResources.CandidateInfo", column 'OpeningID'.
   at Microsoft.Data.SqlClient.SqlConnection.OnError(SqlException exception, Boolean breakConnection, Action`1 wrapCloseInAction)
   at Microsoft.Data.SqlClient.SqlInternalConnection.OnError(SqlException exception, Boolean breakConnection, Action`1 wrapCloseInAction)
   at Microsoft.Data.SqlClient.TdsParser.ThrowExceptionAndWarning(TdsParserStateObject stateObj, Boolean callerHasConnectionLock, Boolean asyncClose)
   at Microsoft.Data.SqlClient.TdsParser.TryRun(RunBehavior runBehavior, SqlCommand cmdHandler, SqlDataReader dataStream, BulkCopySimpleResultSet bulkCopyHandler, TdsParserStateObject stateObj, Boolean& dataReady)
   at Microsoft.Data.SqlClient.SqlDataReader.TryHasMoreRows(Boolean& moreRows)
   at Microsoft.Data.SqlClient.SqlDataReader.TryReadInternal(Boolean setTimeout, Boolean& more)
   at Microsoft.Data.SqlClient.SqlDataReader.ReadAsyncExecute(Task task, Object state)
   at Microsoft.Data.SqlClient.SqlDataReader.InvokeAsyncCall[T](SqlDataReaderBaseAsyncCallContext`1 context)
--- End of stack trace from previous location ---
   at Microsoft.EntityFrameworkCore.Update.AffectedCountModificationCommandBatch.ConsumeResultSetWithRowsAffectedOnlyAsync(Int32 commandIndex, RelationalDataReader reader, CancellationToken cancellationToken)
   at Microsoft.EntityFrameworkCore.Update.AffectedCountModificationCommandBatch.ConsumeAsync(RelationalDataReader reader, CancellationToken cancellationToken)
ClientConnectionId:06999cd2-3eb6-47c9-b121-30636b799b33
Error Number:547,State:0,Class:16
   --- End of inner exception stack trace ---
   at Microsoft.EntityFrameworkCore.Update.AffectedCountModificationCommandBatch.ConsumeAsync(RelationalDataReader reader, CancellationToken cancellationToken)
   at Microsoft.EntityFrameworkCore.Update.ReaderModificationCommandBatch.ExecuteAsync(IRelationalConnection connection, CancellationToken cancellationToken)
   at Microsoft.EntityFrameworkCore.Update.ReaderModificationCommandBatch.ExecuteAsync(IRelationalConnection connection, CancellationToken cancellationToken)
   at Microsoft.EntityFrameworkCore.SqlServer.Update.Internal.SqlServerModificationCommandBatch.ExecuteAsync(IRelationalConnection connection, CancellationToken cancellationToken)
   at Microsoft.EntityFrameworkCore.Update.Internal.BatchExecutor.ExecuteAsync(IEnumerable`1 commandBatches, IRelationalConnection connection, CancellationToken cancellationToken)
   at Microsoft.EntityFrameworkCore.Update.Internal.BatchExecutor.ExecuteAsync(IEnumerable`1 commandBatches, IRelationalConnection connection, CancellationToken cancellationToken)
   at Microsoft.EntityFrameworkCore.Update.Internal.BatchExecutor.ExecuteAsync(IEnumerable`1 commandBatches, IRelationalConnection connection, CancellationToken cancellationToken)
   at Microsoft.EntityFrameworkCore.Storage.RelationalDatabase.SaveChangesAsync(IList`1 entries, CancellationToken cancellationToken)
   at Microsoft.EntityFrameworkCore.ChangeTracking.Internal.StateManager.SaveChangesAsync(IList`1 entriesToSave, CancellationToken cancellationToken)
   at Microsoft.EntityFrameworkCore.ChangeTracking.Internal.StateManager.SaveChangesAsync(StateManager stateManager, Boolean acceptAllChangesOnSuccess, CancellationToken cancellationToken)
   at Microsoft.EntityFrameworkCore.SqlServer.Storage.Internal.SqlServerExecutionStrategy.ExecuteAsync[TState,TResult](TState state, Func`4 operation, Func`4 verifySucceeded, CancellationToken cancellationToken)
   at Microsoft.EntityFrameworkCore.DbContext.SaveChangesAsync(Boolean acceptAllChangesOnSuccess, CancellationToken cancellationToken)
Microsoft.EntityFrameworkCore.DbUpdateException: An error occurred while saving the entity changes. See the inner exception for details.
 ---> Microsoft.Data.SqlClient.SqlException (0x80131904): The DELETE statement conflicted with the REFERENCE constraint "FK__Candidate__Openi__041093DD". The conflict occurred in database "AdventureWorks2019", table "HumanResources.CandidateInfo", column 'OpeningID'.
   at Microsoft.Data.SqlClient.SqlConnection.OnError(SqlException exception, Boolean breakConnection, Action`1 wrapCloseInAction)
   at Microsoft.Data.SqlClient.SqlInternalConnection.OnError(SqlException exception, Boolean breakConnection, Action`1 wrapCloseInAction)
   at Microsoft.Data.SqlClient.TdsParser.ThrowExceptionAndWarning(TdsParserStateObject stateObj, Boolean callerHasConnectionLock, Boolean asyncClose)
   at Microsoft.Data.SqlClient.TdsParser.TryRun(RunBehavior runBehavior, SqlCommand cmdHandler, SqlDataReader dataStream, BulkCopySimpleResultSet bulkCopyHandler, TdsParserStateObject stateObj, Boolean& dataReady)
   at Microsoft.Data.SqlClient.SqlDataReader.TryHasMoreRows(Boolean& moreRows)
   at Microsoft.Data.SqlClient.SqlDataReader.TryReadInternal(Boolean setTimeout, Boolean& more)
   at Microsoft.Data.SqlClient.SqlDataReader.ReadAsyncExecute(Task task, Object state)
   at Microsoft.Data.SqlClient.SqlDataReader.InvokeAsyncCall[T](SqlDataReaderBaseAsyncCallContext`1 context)
--- End of stack trace from previous location ---
   at Microsoft.EntityFrameworkCore.Update.AffectedCountModificationCommandBatch.ConsumeResultSetWithRowsAffectedOnlyAsync(Int32 commandIndex, RelationalDataReader reader, CancellationToken cancellationToken)
   at Microsoft.EntityFrameworkCore.Update.AffectedCountModificationCommandBatch.ConsumeAsync(RelationalDataReader reader, CancellationToken cancellationToken)
ClientConnectionId:06999cd2-3eb6-47c9-b121-30636b799b33
Error Number:547,State:0,Class:16
   --- End of inner exception stack trace ---
   at Microsoft.EntityFrameworkCore.Update.AffectedCountModificationCommandBatch.ConsumeAsync(RelationalDataReader reader, CancellationToken cancellationToken)
   at Microsoft.EntityFrameworkCore.Update.ReaderModificationCommandBatch.ExecuteAsync(IRelationalConnection connection, CancellationToken cancellationToken)
   at Microsoft.EntityFrameworkCore.Update.ReaderModificationCommandBatch.ExecuteAsync(IRelationalConnection connection, CancellationToken cancellationToken)
   at Microsoft.EntityFrameworkCore.SqlServer.Update.Internal.SqlServerModificationCommandBatch.ExecuteAsync(IRelationalConnection connection, CancellationToken cancellationToken)
   at Microsoft.EntityFrameworkCore.Update.Internal.BatchExecutor.ExecuteAsync(IEnumerable`1 commandBatches, IRelationalConnection connection, CancellationToken cancellationToken)
   at Microsoft.EntityFrameworkCore.Update.Internal.BatchExecutor.ExecuteAsync(IEnumerable`1 commandBatches, IRelationalConnection connection, CancellationToken cancellationToken)
   at Microsoft.EntityFrameworkCore.Update.Internal.BatchExecutor.ExecuteAsync(IEnumerable`1 commandBatches, IRelationalConnection connection, CancellationToken cancellationToken)
   at Microsoft.EntityFrameworkCore.Storage.RelationalDatabase.SaveChangesAsync(IList`1 entries, CancellationToken cancellationToken)
   at Microsoft.EntityFrameworkCore.ChangeTracking.Internal.StateManager.SaveChangesAsync(IList`1 entriesToSave, CancellationToken cancellationToken)
   at Microsoft.EntityFrameworkCore.ChangeTracking.Internal.StateManager.SaveChangesAsync(StateManager stateManager, Boolean acceptAllChangesOnSuccess, CancellationToken cancellationToken)
   at Microsoft.EntityFrameworkCore.SqlServer.Storage.Internal.SqlServerExecutionStrategy.ExecuteAsync[TState,TResult](TState state, Func`4 operation, Func`4 verifySucceeded, CancellationToken cancellationToken)
   at Microsoft.EntityFrameworkCore.DbContext.SaveChangesAsync(Boolean acceptAllChangesOnSuccess, CancellationToken cancellationToken)
2026-01-06 16:36:06.560 +00:00 [ERR] HTTP DELETE /api/v1/Opening/1009 responded 500 in 83.1250 ms
Microsoft.EntityFrameworkCore.DbUpdateException: An error occurred while saving the entity changes. See the inner exception for details.
 ---> Microsoft.Data.SqlClient.SqlException (0x80131904): The DELETE statement conflicted with the REFERENCE constraint "FK__Candidate__Openi__041093DD". The conflict occurred in database "AdventureWorks2019", table "HumanResources.CandidateInfo", column 'OpeningID'.
   at Microsoft.Data.SqlClient.SqlConnection.OnError(SqlException exception, Boolean breakConnection, Action`1 wrapCloseInAction)
   at Microsoft.Data.SqlClient.SqlInternalConnection.OnError(SqlException exception, Boolean breakConnection, Action`1 wrapCloseInAction)
   at Microsoft.Data.SqlClient.TdsParser.ThrowExceptionAndWarning(TdsParserStateObject stateObj, Boolean callerHasConnectionLock, Boolean asyncClose)
   at Microsoft.Data.SqlClient.TdsParser.TryRun(RunBehavior runBehavior, SqlCommand cmdHandler, SqlDataReader dataStream, BulkCopySimpleResultSet bulkCopyHandler, TdsParserStateObject stateObj, Boolean& dataReady)
   at Microsoft.Data.SqlClient.SqlDataReader.TryHasMoreRows(Boolean& moreRows)
   at Microsoft.Data.SqlClient.SqlDataReader.TryReadInternal(Boolean setTimeout, Boolean& more)
   at Microsoft.Data.SqlClient.SqlDataReader.ReadAsyncExecute(Task task, Object state)
   at Microsoft.Data.SqlClient.SqlDataReader.InvokeAsyncCall[T](SqlDataReaderBaseAsyncCallContext`1 context)
--- End of stack trace from previous location ---
   at Microsoft.EntityFrameworkCore.Update.AffectedCountModificationCommandBatch.ConsumeResultSetWithRowsAffectedOnlyAsync(Int32 commandIndex, RelationalDataReader reader, CancellationToken cancellationToken)
   at Microsoft.EntityFrameworkCore.Update.AffectedCountModificationCommandBatch.ConsumeAsync(RelationalDataReader reader, CancellationToken cancellationToken)
ClientConnectionId:06999cd2-3eb6-47c9-b121-30636b799b33
Error Number:547,State:0,Class:16
   --- End of inner exception stack trace ---
   at Microsoft.EntityFrameworkCore.Update.AffectedCountModificationCommandBatch.ConsumeAsync(RelationalDataReader reader, CancellationToken cancellationToken)
   at Microsoft.EntityFrameworkCore.Update.ReaderModificationCommandBatch.ExecuteAsync(IRelationalConnection connection, CancellationToken cancellationToken)
   at Microsoft.EntityFrameworkCore.Update.ReaderModificationCommandBatch.ExecuteAsync(IRelationalConnection connection, CancellationToken cancellationToken)
   at Microsoft.EntityFrameworkCore.SqlServer.Update.Internal.SqlServerModificationCommandBatch.ExecuteAsync(IRelationalConnection connection, CancellationToken cancellationToken)
   at Microsoft.EntityFrameworkCore.Update.Internal.BatchExecutor.ExecuteAsync(IEnumerable`1 commandBatches, IRelationalConnection connection, CancellationToken cancellationToken)
   at Microsoft.EntityFrameworkCore.Update.Internal.BatchExecutor.ExecuteAsync(IEnumerable`1 commandBatches, IRelationalConnection connection, CancellationToken cancellationToken)
   at Microsoft.EntityFrameworkCore.Update.Internal.BatchExecutor.ExecuteAsync(IEnumerable`1 commandBatches, IRelationalConnection connection, CancellationToken cancellationToken)
   at Microsoft.EntityFrameworkCore.Storage.RelationalDatabase.SaveChangesAsync(IList`1 entries, CancellationToken cancellationToken)
   at Microsoft.EntityFrameworkCore.ChangeTracking.Internal.StateManager.SaveChangesAsync(IList`1 entriesToSave, CancellationToken cancellationToken)
   at Microsoft.EntityFrameworkCore.ChangeTracking.Internal.StateManager.SaveChangesAsync(StateManager stateManager, Boolean acceptAllChangesOnSuccess, CancellationToken cancellationToken)
   at Microsoft.EntityFrameworkCore.SqlServer.Storage.Internal.SqlServerExecutionStrategy.ExecuteAsync[TState,TResult](TState state, Func`4 operation, Func`4 verifySucceeded, CancellationToken cancellationToken)
   at Microsoft.EntityFrameworkCore.DbContext.SaveChangesAsync(Boolean acceptAllChangesOnSuccess, CancellationToken cancellationToken)
   at Microsoft.EntityFrameworkCore.DbContext.SaveChangesAsync(Boolean acceptAllChangesOnSuccess, CancellationToken cancellationToken)
   at RhManagementApi.Controllers.OpeningController.Delete(Int32 id) in C:\Users\ljardim\OneDrive - Capgemini\Desktop\Formações\RH_Backend\ProjetoFinalRH_API\RhManagementApi\Controllers\OpeningController.cs:line 96
   at Microsoft.AspNetCore.Mvc.Infrastructure.ActionMethodExecutor.TaskOfIActionResultExecutor.Execute(ActionContext actionContext, IActionResultTypeMapper mapper, ObjectMethodExecutor executor, Object controller, Object[] arguments)
   at Microsoft.AspNetCore.Mvc.Infrastructure.ControllerActionInvoker.<InvokeActionMethodAsync>g__Awaited|12_0(ControllerActionInvoker invoker, ValueTask`1 actionResultValueTask)
   at Microsoft.AspNetCore.Mvc.Infrastructure.ControllerActionInvoker.<InvokeNextActionFilterAsync>g__Awaited|10_0(ControllerActionInvoker invoker, Task lastTask, State next, Scope scope, Object state, Boolean isCompleted)
   at Microsoft.AspNetCore.Mvc.Infrastructure.ControllerActionInvoker.Rethrow(ActionExecutedContextSealed context)
   at Microsoft.AspNetCore.Mvc.Infrastructure.ControllerActionInvoker.Next(State& next, Scope& scope, Object& state, Boolean& isCompleted)
   at Microsoft.AspNetCore.Mvc.Infrastructure.ControllerActionInvoker.<InvokeInnerFilterAsync>g__Awaited|13_0(ControllerActionInvoker invoker, Task lastTask, State next, Scope scope, Object state, Boolean isCompleted)
   at Microsoft.AspNetCore.Mvc.Infrastructure.ResourceInvoker.<InvokeFilterPipelineAsync>g__Awaited|20_0(ResourceInvoker invoker, Task lastTask, State next, Scope scope, Object state, Boolean isCompleted)
   at Microsoft.AspNetCore.Mvc.Infrastructure.ResourceInvoker.<InvokeAsync>g__Awaited|17_0(ResourceInvoker invoker, Task task, IDisposable scope)
   at Microsoft.AspNetCore.Mvc.Infrastructure.ResourceInvoker.<InvokeAsync>g__Awaited|17_0(ResourceInvoker invoker, Task task, IDisposable scope)
   at Microsoft.AspNetCore.Authorization.AuthorizationMiddleware.Invoke(HttpContext context)
   at Microsoft.AspNetCore.Authentication.AuthenticationMiddleware.Invoke(HttpContext context)
   at Swashbuckle.AspNetCore.SwaggerUI.SwaggerUIMiddleware.Invoke(HttpContext httpContext)
   at Swashbuckle.AspNetCore.Swagger.SwaggerMiddleware.Invoke(HttpContext httpContext, ISwaggerProvider swaggerProvider)
   at Serilog.AspNetCore.RequestLoggingMiddleware.Invoke(HttpContext httpContext)
2026-01-06 16:36:06.574 +00:00 [ERR] An unhandled exception has occurred while executing the request.
Microsoft.EntityFrameworkCore.DbUpdateException: An error occurred while saving the entity changes. See the inner exception for details.
 ---> Microsoft.Data.SqlClient.SqlException (0x80131904): The DELETE statement conflicted with the REFERENCE constraint "FK__Candidate__Openi__041093DD". The conflict occurred in database "AdventureWorks2019", table "HumanResources.CandidateInfo", column 'OpeningID'.
   at Microsoft.Data.SqlClient.SqlConnection.OnError(SqlException exception, Boolean breakConnection, Action`1 wrapCloseInAction)
   at Microsoft.Data.SqlClient.SqlInternalConnection.OnError(SqlException exception, Boolean breakConnection, Action`1 wrapCloseInAction)
   at Microsoft.Data.SqlClient.TdsParser.ThrowExceptionAndWarning(TdsParserStateObject stateObj, Boolean callerHasConnectionLock, Boolean asyncClose)
   at Microsoft.Data.SqlClient.TdsParser.TryRun(RunBehavior runBehavior, SqlCommand cmdHandler, SqlDataReader dataStream, BulkCopySimpleResultSet bulkCopyHandler, TdsParserStateObject stateObj, Boolean& dataReady)
   at Microsoft.Data.SqlClient.SqlDataReader.TryHasMoreRows(Boolean& moreRows)
   at Microsoft.Data.SqlClient.SqlDataReader.TryReadInternal(Boolean setTimeout, Boolean& more)
   at Microsoft.Data.SqlClient.SqlDataReader.ReadAsyncExecute(Task task, Object state)
   at Microsoft.Data.SqlClient.SqlDataReader.InvokeAsyncCall[T](SqlDataReaderBaseAsyncCallContext`1 context)
--- End of stack trace from previous location ---
   at Microsoft.EntityFrameworkCore.Update.AffectedCountModificationCommandBatch.ConsumeResultSetWithRowsAffectedOnlyAsync(Int32 commandIndex, RelationalDataReader reader, CancellationToken cancellationToken)
   at Microsoft.EntityFrameworkCore.Update.AffectedCountModificationCommandBatch.ConsumeAsync(RelationalDataReader reader, CancellationToken cancellationToken)
ClientConnectionId:06999cd2-3eb6-47c9-b121-30636b799b33
Error Number:547,State:0,Class:16
   --- End of inner exception stack trace ---
   at Microsoft.EntityFrameworkCore.Update.AffectedCountModificationCommandBatch.ConsumeAsync(RelationalDataReader reader, CancellationToken cancellationToken)
   at Microsoft.EntityFrameworkCore.Update.ReaderModificationCommandBatch.ExecuteAsync(IRelationalConnection connection, CancellationToken cancellationToken)
   at Microsoft.EntityFrameworkCore.Update.ReaderModificationCommandBatch.ExecuteAsync(IRelationalConnection connection, CancellationToken cancellationToken)
   at Microsoft.EntityFrameworkCore.SqlServer.Update.Internal.SqlServerModificationCommandBatch.ExecuteAsync(IRelationalConnection connection, CancellationToken cancellationToken)
   at Microsoft.EntityFrameworkCore.Update.Internal.BatchExecutor.ExecuteAsync(IEnumerable`1 commandBatches, IRelationalConnection connection, CancellationToken cancellationToken)
   at Microsoft.EntityFrameworkCore.Update.Internal.BatchExecutor.ExecuteAsync(IEnumerable`1 commandBatches, IRelationalConnection connection, CancellationToken cancellationToken)
   at Microsoft.EntityFrameworkCore.Update.Internal.BatchExecutor.ExecuteAsync(IEnumerable`1 commandBatches, IRelationalConnection connection, CancellationToken cancellationToken)
   at Microsoft.EntityFrameworkCore.Storage.RelationalDatabase.SaveChangesAsync(IList`1 entries, CancellationToken cancellationToken)
   at Microsoft.EntityFrameworkCore.ChangeTracking.Internal.StateManager.SaveChangesAsync(IList`1 entriesToSave, CancellationToken cancellationToken)
   at Microsoft.EntityFrameworkCore.ChangeTracking.Internal.StateManager.SaveChangesAsync(StateManager stateManager, Boolean acceptAllChangesOnSuccess, CancellationToken cancellationToken)
   at Microsoft.EntityFrameworkCore.SqlServer.Storage.Internal.SqlServerExecutionStrategy.ExecuteAsync[TState,TResult](TState state, Func`4 operation, Func`4 verifySucceeded, CancellationToken cancellationToken)
   at Microsoft.EntityFrameworkCore.DbContext.SaveChangesAsync(Boolean acceptAllChangesOnSuccess, CancellationToken cancellationToken)
   at Microsoft.EntityFrameworkCore.DbContext.SaveChangesAsync(Boolean acceptAllChangesOnSuccess, CancellationToken cancellationToken)
   at RhManagementApi.Controllers.OpeningController.Delete(Int32 id) in C:\Users\ljardim\OneDrive - Capgemini\Desktop\Formações\RH_Backend\ProjetoFinalRH_API\RhManagementApi\Controllers\OpeningController.cs:line 96
   at Microsoft.AspNetCore.Mvc.Infrastructure.ActionMethodExecutor.TaskOfIActionResultExecutor.Execute(ActionContext actionContext, IActionResultTypeMapper mapper, ObjectMethodExecutor executor, Object controller, Object[] arguments)
   at Microsoft.AspNetCore.Mvc.Infrastructure.ControllerActionInvoker.<InvokeActionMethodAsync>g__Awaited|12_0(ControllerActionInvoker invoker, ValueTask`1 actionResultValueTask)
   at Microsoft.AspNetCore.Mvc.Infrastructure.ControllerActionInvoker.<InvokeNextActionFilterAsync>g__Awaited|10_0(ControllerActionInvoker invoker, Task lastTask, State next, Scope scope, Object state, Boolean isCompleted)
   at Microsoft.AspNetCore.Mvc.Infrastructure.ControllerActionInvoker.Rethrow(ActionExecutedContextSealed context)
   at Microsoft.AspNetCore.Mvc.Infrastructure.ControllerActionInvoker.Next(State& next, Scope& scope, Object& state, Boolean& isCompleted)
   at Microsoft.AspNetCore.Mvc.Infrastructure.ControllerActionInvoker.<InvokeInnerFilterAsync>g__Awaited|13_0(ControllerActionInvoker invoker, Task lastTask, State next, Scope scope, Object state, Boolean isCompleted)
   at Microsoft.AspNetCore.Mvc.Infrastructure.ResourceInvoker.<InvokeFilterPipelineAsync>g__Awaited|20_0(ResourceInvoker invoker, Task lastTask, State next, Scope scope, Object state, Boolean isCompleted)
   at Microsoft.AspNetCore.Mvc.Infrastructure.ResourceInvoker.<InvokeAsync>g__Awaited|17_0(ResourceInvoker invoker, Task task, IDisposable scope)
   at Microsoft.AspNetCore.Mvc.Infrastructure.ResourceInvoker.<InvokeAsync>g__Awaited|17_0(ResourceInvoker invoker, Task task, IDisposable scope)
   at Microsoft.AspNetCore.Authorization.AuthorizationMiddleware.Invoke(HttpContext context)
   at Microsoft.AspNetCore.Authentication.AuthenticationMiddleware.Invoke(HttpContext context)
   at Swashbuckle.AspNetCore.SwaggerUI.SwaggerUIMiddleware.Invoke(HttpContext httpContext)
   at Swashbuckle.AspNetCore.Swagger.SwaggerMiddleware.Invoke(HttpContext httpContext, ISwaggerProvider swaggerProvider)
   at Serilog.AspNetCore.RequestLoggingMiddleware.Invoke(HttpContext httpContext)
   at RhManagementApi.Middleware.RequestLoggingMiddleware.Invoke(HttpContext context) in C:\Users\ljardim\OneDrive - Capgemini\Desktop\Formações\RH_Backend\ProjetoFinalRH_API\RhManagementApi\Middleware\RequestLoggingMiddleware.cs:line 54
   at Microsoft.AspNetCore.Diagnostics.DeveloperExceptionPageMiddlewareImpl.Invoke(HttpContext context)
2026-01-06 16:36:10.051 +00:00 [ERR] An exception occurred in the database while saving changes for context type 'RhManagementApi.Data.AdventureWorksContext'.
Microsoft.EntityFrameworkCore.DbUpdateException: An error occurred while saving the entity changes. See the inner exception for details.
 ---> Microsoft.Data.SqlClient.SqlException (0x80131904): The DELETE statement conflicted with the REFERENCE constraint "FK__Candidate__Openi__041093DD". The conflict occurred in database "AdventureWorks2019", table "HumanResources.CandidateInfo", column 'OpeningID'.
   at Microsoft.Data.SqlClient.SqlConnection.OnError(SqlException exception, Boolean breakConnection, Action`1 wrapCloseInAction)
   at Microsoft.Data.SqlClient.SqlInternalConnection.OnError(SqlException exception, Boolean breakConnection, Action`1 wrapCloseInAction)
   at Microsoft.Data.SqlClient.TdsParser.ThrowExceptionAndWarning(TdsParserStateObject stateObj, Boolean callerHasConnectionLock, Boolean asyncClose)
   at Microsoft.Data.SqlClient.TdsParser.TryRun(RunBehavior runBehavior, SqlCommand cmdHandler, SqlDataReader dataStream, BulkCopySimpleResultSet bulkCopyHandler, TdsParserStateObject stateObj, Boolean& dataReady)
   at Microsoft.Data.SqlClient.SqlDataReader.TryHasMoreRows(Boolean& moreRows)
   at Microsoft.Data.SqlClient.SqlDataReader.TryReadInternal(Boolean setTimeout, Boolean& more)
   at Microsoft.Data.SqlClient.SqlDataReader.ReadAsyncExecute(Task task, Object state)
   at Microsoft.Data.SqlClient.SqlDataReader.InvokeAsyncCall[T](SqlDataReaderBaseAsyncCallContext`1 context)
--- End of stack trace from previous location ---
   at Microsoft.EntityFrameworkCore.Update.AffectedCountModificationCommandBatch.ConsumeResultSetWithRowsAffectedOnlyAsync(Int32 commandIndex, RelationalDataReader reader, CancellationToken cancellationToken)
   at Microsoft.EntityFrameworkCore.Update.AffectedCountModificationCommandBatch.ConsumeAsync(RelationalDataReader reader, CancellationToken cancellationToken)
ClientConnectionId:06999cd2-3eb6-47c9-b121-30636b799b33
Error Number:547,State:0,Class:16
   --- End of inner exception stack trace ---
   at Microsoft.EntityFrameworkCore.Update.AffectedCountModificationCommandBatch.ConsumeAsync(RelationalDataReader reader, CancellationToken cancellationToken)
   at Microsoft.EntityFrameworkCore.Update.ReaderModificationCommandBatch.ExecuteAsync(IRelationalConnection connection, CancellationToken cancellationToken)
   at Microsoft.EntityFrameworkCore.Update.ReaderModificationCommandBatch.ExecuteAsync(IRelationalConnection connection, CancellationToken cancellationToken)
   at Microsoft.EntityFrameworkCore.SqlServer.Update.Internal.SqlServerModificationCommandBatch.ExecuteAsync(IRelationalConnection connection, CancellationToken cancellationToken)
   at Microsoft.EntityFrameworkCore.Update.Internal.BatchExecutor.ExecuteAsync(IEnumerable`1 commandBatches, IRelationalConnection connection, CancellationToken cancellationToken)
   at Microsoft.EntityFrameworkCore.Update.Internal.BatchExecutor.ExecuteAsync(IEnumerable`1 commandBatches, IRelationalConnection connection, CancellationToken cancellationToken)
   at Microsoft.EntityFrameworkCore.Update.Internal.BatchExecutor.ExecuteAsync(IEnumerable`1 commandBatches, IRelationalConnection connection, CancellationToken cancellationToken)
   at Microsoft.EntityFrameworkCore.Storage.RelationalDatabase.SaveChangesAsync(IList`1 entries, CancellationToken cancellationToken)
   at Microsoft.EntityFrameworkCore.ChangeTracking.Internal.StateManager.SaveChangesAsync(IList`1 entriesToSave, CancellationToken cancellationToken)
   at Microsoft.EntityFrameworkCore.ChangeTracking.Internal.StateManager.SaveChangesAsync(StateManager stateManager, Boolean acceptAllChangesOnSuccess, CancellationToken cancellationToken)
   at Microsoft.EntityFrameworkCore.SqlServer.Storage.Internal.SqlServerExecutionStrategy.ExecuteAsync[TState,TResult](TState state, Func`4 operation, Func`4 verifySucceeded, CancellationToken cancellationToken)
   at Microsoft.EntityFrameworkCore.DbContext.SaveChangesAsync(Boolean acceptAllChangesOnSuccess, CancellationToken cancellationToken)
Microsoft.EntityFrameworkCore.DbUpdateException: An error occurred while saving the entity changes. See the inner exception for details.
 ---> Microsoft.Data.SqlClient.SqlException (0x80131904): The DELETE statement conflicted with the REFERENCE constraint "FK__Candidate__Openi__041093DD". The conflict occurred in database "AdventureWorks2019", table "HumanResources.CandidateInfo", column 'OpeningID'.
   at Microsoft.Data.SqlClient.SqlConnection.OnError(SqlException exception, Boolean breakConnection, Action`1 wrapCloseInAction)
   at Microsoft.Data.SqlClient.SqlInternalConnection.OnError(SqlException exception, Boolean breakConnection, Action`1 wrapCloseInAction)
   at Microsoft.Data.SqlClient.TdsParser.ThrowExceptionAndWarning(TdsParserStateObject stateObj, Boolean callerHasConnectionLock, Boolean asyncClose)
   at Microsoft.Data.SqlClient.TdsParser.TryRun(RunBehavior runBehavior, SqlCommand cmdHandler, SqlDataReader dataStream, BulkCopySimpleResultSet bulkCopyHandler, TdsParserStateObject stateObj, Boolean& dataReady)
   at Microsoft.Data.SqlClient.SqlDataReader.TryHasMoreRows(Boolean& moreRows)
   at Microsoft.Data.SqlClient.SqlDataReader.TryReadInternal(Boolean setTimeout, Boolean& more)
   at Microsoft.Data.SqlClient.SqlDataReader.ReadAsyncExecute(Task task, Object state)
   at Microsoft.Data.SqlClient.SqlDataReader.InvokeAsyncCall[T](SqlDataReaderBaseAsyncCallContext`1 context)
--- End of stack trace from previous location ---
   at Microsoft.EntityFrameworkCore.Update.AffectedCountModificationCommandBatch.ConsumeResultSetWithRowsAffectedOnlyAsync(Int32 commandIndex, RelationalDataReader reader, CancellationToken cancellationToken)
   at Microsoft.EntityFrameworkCore.Update.AffectedCountModificationCommandBatch.ConsumeAsync(RelationalDataReader reader, CancellationToken cancellationToken)
ClientConnectionId:06999cd2-3eb6-47c9-b121-30636b799b33
Error Number:547,State:0,Class:16
   --- End of inner exception stack trace ---
   at Microsoft.EntityFrameworkCore.Update.AffectedCountModificationCommandBatch.ConsumeAsync(RelationalDataReader reader, CancellationToken cancellationToken)
   at Microsoft.EntityFrameworkCore.Update.ReaderModificationCommandBatch.ExecuteAsync(IRelationalConnection connection, CancellationToken cancellationToken)
   at Microsoft.EntityFrameworkCore.Update.ReaderModificationCommandBatch.ExecuteAsync(IRelationalConnection connection, CancellationToken cancellationToken)
   at Microsoft.EntityFrameworkCore.SqlServer.Update.Internal.SqlServerModificationCommandBatch.ExecuteAsync(IRelationalConnection connection, CancellationToken cancellationToken)
   at Microsoft.EntityFrameworkCore.Update.Internal.BatchExecutor.ExecuteAsync(IEnumerable`1 commandBatches, IRelationalConnection connection, CancellationToken cancellationToken)
   at Microsoft.EntityFrameworkCore.Update.Internal.BatchExecutor.ExecuteAsync(IEnumerable`1 commandBatches, IRelationalConnection connection, CancellationToken cancellationToken)
   at Microsoft.EntityFrameworkCore.Update.Internal.BatchExecutor.ExecuteAsync(IEnumerable`1 commandBatches, IRelationalConnection connection, CancellationToken cancellationToken)
   at Microsoft.EntityFrameworkCore.Storage.RelationalDatabase.SaveChangesAsync(IList`1 entries, CancellationToken cancellationToken)
   at Microsoft.EntityFrameworkCore.ChangeTracking.Internal.StateManager.SaveChangesAsync(IList`1 entriesToSave, CancellationToken cancellationToken)
   at Microsoft.EntityFrameworkCore.ChangeTracking.Internal.StateManager.SaveChangesAsync(StateManager stateManager, Boolean acceptAllChangesOnSuccess, CancellationToken cancellationToken)
   at Microsoft.EntityFrameworkCore.SqlServer.Storage.Internal.SqlServerExecutionStrategy.ExecuteAsync[TState,TResult](TState state, Func`4 operation, Func`4 verifySucceeded, CancellationToken cancellationToken)
   at Microsoft.EntityFrameworkCore.DbContext.SaveChangesAsync(Boolean acceptAllChangesOnSuccess, CancellationToken cancellationToken)
2026-01-06 16:36:10.055 +00:00 [ERR] HTTP DELETE /api/v1/Opening/1009 responded 500 in 11.2107 ms
Microsoft.EntityFrameworkCore.DbUpdateException: An error occurred while saving the entity changes. See the inner exception for details.
 ---> Microsoft.Data.SqlClient.SqlException (0x80131904): The DELETE statement conflicted with the REFERENCE constraint "FK__Candidate__Openi__041093DD". The conflict occurred in database "AdventureWorks2019", table "HumanResources.CandidateInfo", column 'OpeningID'.
   at Microsoft.Data.SqlClient.SqlConnection.OnError(SqlException exception, Boolean breakConnection, Action`1 wrapCloseInAction)
   at Microsoft.Data.SqlClient.SqlInternalConnection.OnError(SqlException exception, Boolean breakConnection, Action`1 wrapCloseInAction)
   at Microsoft.Data.SqlClient.TdsParser.ThrowExceptionAndWarning(TdsParserStateObject stateObj, Boolean callerHasConnectionLock, Boolean asyncClose)
   at Microsoft.Data.SqlClient.TdsParser.TryRun(RunBehavior runBehavior, SqlCommand cmdHandler, SqlDataReader dataStream, BulkCopySimpleResultSet bulkCopyHandler, TdsParserStateObject stateObj, Boolean& dataReady)
   at Microsoft.Data.SqlClient.SqlDataReader.TryHasMoreRows(Boolean& moreRows)
   at Microsoft.Data.SqlClient.SqlDataReader.TryReadInternal(Boolean setTimeout, Boolean& more)
   at Microsoft.Data.SqlClient.SqlDataReader.ReadAsyncExecute(Task task, Object state)
   at Microsoft.Data.SqlClient.SqlDataReader.InvokeAsyncCall[T](SqlDataReaderBaseAsyncCallContext`1 context)
--- End of stack trace from previous location ---
   at Microsoft.EntityFrameworkCore.Update.AffectedCountModificationCommandBatch.ConsumeResultSetWithRowsAffectedOnlyAsync(Int32 commandIndex, RelationalDataReader reader, CancellationToken cancellationToken)
   at Microsoft.EntityFrameworkCore.Update.AffectedCountModificationCommandBatch.ConsumeAsync(RelationalDataReader reader, CancellationToken cancellationToken)
ClientConnectionId:06999cd2-3eb6-47c9-b121-30636b799b33
Error Number:547,State:0,Class:16
   --- End of inner exception stack trace ---
   at Microsoft.EntityFrameworkCore.Update.AffectedCountModificationCommandBatch.ConsumeAsync(RelationalDataReader reader, CancellationToken cancellationToken)
   at Microsoft.EntityFrameworkCore.Update.ReaderModificationCommandBatch.ExecuteAsync(IRelationalConnection connection, CancellationToken cancellationToken)
   at Microsoft.EntityFrameworkCore.Update.ReaderModificationCommandBatch.ExecuteAsync(IRelationalConnection connection, CancellationToken cancellationToken)
   at Microsoft.EntityFrameworkCore.SqlServer.Update.Internal.SqlServerModificationCommandBatch.ExecuteAsync(IRelationalConnection connection, CancellationToken cancellationToken)
   at Microsoft.EntityFrameworkCore.Update.Internal.BatchExecutor.ExecuteAsync(IEnumerable`1 commandBatches, IRelationalConnection connection, CancellationToken cancellationToken)
   at Microsoft.EntityFrameworkCore.Update.Internal.BatchExecutor.ExecuteAsync(IEnumerable`1 commandBatches, IRelationalConnection connection, CancellationToken cancellationToken)
   at Microsoft.EntityFrameworkCore.Update.Internal.BatchExecutor.ExecuteAsync(IEnumerable`1 commandBatches, IRelationalConnection connection, CancellationToken cancellationToken)
   at Microsoft.EntityFrameworkCore.Storage.RelationalDatabase.SaveChangesAsync(IList`1 entries, CancellationToken cancellationToken)
   at Microsoft.EntityFrameworkCore.ChangeTracking.Internal.StateManager.SaveChangesAsync(IList`1 entriesToSave, CancellationToken cancellationToken)
   at Microsoft.EntityFrameworkCore.ChangeTracking.Internal.StateManager.SaveChangesAsync(StateManager stateManager, Boolean acceptAllChangesOnSuccess, CancellationToken cancellationToken)
   at Microsoft.EntityFrameworkCore.SqlServer.Storage.Internal.SqlServerExecutionStrategy.ExecuteAsync[TState,TResult](TState state, Func`4 operation, Func`4 verifySucceeded, CancellationToken cancellationToken)
   at Microsoft.EntityFrameworkCore.DbContext.SaveChangesAsync(Boolean acceptAllChangesOnSuccess, CancellationToken cancellationToken)
   at Microsoft.EntityFrameworkCore.DbContext.SaveChangesAsync(Boolean acceptAllChangesOnSuccess, CancellationToken cancellationToken)
   at RhManagementApi.Controllers.OpeningController.Delete(Int32 id) in C:\Users\ljardim\OneDrive - Capgemini\Desktop\Formações\RH_Backend\ProjetoFinalRH_API\RhManagementApi\Controllers\OpeningController.cs:line 96
   at Microsoft.AspNetCore.Mvc.Infrastructure.ActionMethodExecutor.TaskOfIActionResultExecutor.Execute(ActionContext actionContext, IActionResultTypeMapper mapper, ObjectMethodExecutor executor, Object controller, Object[] arguments)
   at Microsoft.AspNetCore.Mvc.Infrastructure.ControllerActionInvoker.<InvokeActionMethodAsync>g__Awaited|12_0(ControllerActionInvoker invoker, ValueTask`1 actionResultValueTask)
   at Microsoft.AspNetCore.Mvc.Infrastructure.ControllerActionInvoker.<InvokeNextActionFilterAsync>g__Awaited|10_0(ControllerActionInvoker invoker, Task lastTask, State next, Scope scope, Object state, Boolean isCompleted)
   at Microsoft.AspNetCore.Mvc.Infrastructure.ControllerActionInvoker.Rethrow(ActionExecutedContextSealed context)
   at Microsoft.AspNetCore.Mvc.Infrastructure.ControllerActionInvoker.Next(State& next, Scope& scope, Object& state, Boolean& isCompleted)
   at Microsoft.AspNetCore.Mvc.Infrastructure.ControllerActionInvoker.<InvokeInnerFilterAsync>g__Awaited|13_0(ControllerActionInvoker invoker, Task lastTask, State next, Scope scope, Object state, Boolean isCompleted)
   at Microsoft.AspNetCore.Mvc.Infrastructure.ResourceInvoker.<InvokeFilterPipelineAsync>g__Awaited|20_0(ResourceInvoker invoker, Task lastTask, State next, Scope scope, Object state, Boolean isCompleted)
   at Microsoft.AspNetCore.Mvc.Infrastructure.ResourceInvoker.<InvokeAsync>g__Awaited|17_0(ResourceInvoker invoker, Task task, IDisposable scope)
   at Microsoft.AspNetCore.Mvc.Infrastructure.ResourceInvoker.<InvokeAsync>g__Awaited|17_0(ResourceInvoker invoker, Task task, IDisposable scope)
   at Microsoft.AspNetCore.Authorization.AuthorizationMiddleware.Invoke(HttpContext context)
   at Microsoft.AspNetCore.Authentication.AuthenticationMiddleware.Invoke(HttpContext context)
   at Swashbuckle.AspNetCore.SwaggerUI.SwaggerUIMiddleware.Invoke(HttpContext httpContext)
   at Swashbuckle.AspNetCore.Swagger.SwaggerMiddleware.Invoke(HttpContext httpContext, ISwaggerProvider swaggerProvider)
   at Serilog.AspNetCore.RequestLoggingMiddleware.Invoke(HttpContext httpContext)
2026-01-06 16:36:10.062 +00:00 [ERR] An unhandled exception has occurred while executing the request.
Microsoft.EntityFrameworkCore.DbUpdateException: An error occurred while saving the entity changes. See the inner exception for details.
 ---> Microsoft.Data.SqlClient.SqlException (0x80131904): The DELETE statement conflicted with the REFERENCE constraint "FK__Candidate__Openi__041093DD". The conflict occurred in database "AdventureWorks2019", table "HumanResources.CandidateInfo", column 'OpeningID'.
   at Microsoft.Data.SqlClient.SqlConnection.OnError(SqlException exception, Boolean breakConnection, Action`1 wrapCloseInAction)
   at Microsoft.Data.SqlClient.SqlInternalConnection.OnError(SqlException exception, Boolean breakConnection, Action`1 wrapCloseInAction)
   at Microsoft.Data.SqlClient.TdsParser.ThrowExceptionAndWarning(TdsParserStateObject stateObj, Boolean callerHasConnectionLock, Boolean asyncClose)
   at Microsoft.Data.SqlClient.TdsParser.TryRun(RunBehavior runBehavior, SqlCommand cmdHandler, SqlDataReader dataStream, BulkCopySimpleResultSet bulkCopyHandler, TdsParserStateObject stateObj, Boolean& dataReady)
   at Microsoft.Data.SqlClient.SqlDataReader.TryHasMoreRows(Boolean& moreRows)
   at Microsoft.Data.SqlClient.SqlDataReader.TryReadInternal(Boolean setTimeout, Boolean& more)
   at Microsoft.Data.SqlClient.SqlDataReader.ReadAsyncExecute(Task task, Object state)
   at Microsoft.Data.SqlClient.SqlDataReader.InvokeAsyncCall[T](SqlDataReaderBaseAsyncCallContext`1 context)
--- End of stack trace from previous location ---
   at Microsoft.EntityFrameworkCore.Update.AffectedCountModificationCommandBatch.ConsumeResultSetWithRowsAffectedOnlyAsync(Int32 commandIndex, RelationalDataReader reader, CancellationToken cancellationToken)
   at Microsoft.EntityFrameworkCore.Update.AffectedCountModificationCommandBatch.ConsumeAsync(RelationalDataReader reader, CancellationToken cancellationToken)
ClientConnectionId:06999cd2-3eb6-47c9-b121-30636b799b33
Error Number:547,State:0,Class:16
   --- End of inner exception stack trace ---
   at Microsoft.EntityFrameworkCore.Update.AffectedCountModificationCommandBatch.ConsumeAsync(RelationalDataReader reader, CancellationToken cancellationToken)
   at Microsoft.EntityFrameworkCore.Update.ReaderModificationCommandBatch.ExecuteAsync(IRelationalConnection connection, CancellationToken cancellationToken)
   at Microsoft.EntityFrameworkCore.Update.ReaderModificationCommandBatch.ExecuteAsync(IRelationalConnection connection, CancellationToken cancellationToken)
   at Microsoft.EntityFrameworkCore.SqlServer.Update.Internal.SqlServerModificationCommandBatch.ExecuteAsync(IRelationalConnection connection, CancellationToken cancellationToken)
   at Microsoft.EntityFrameworkCore.Update.Internal.BatchExecutor.ExecuteAsync(IEnumerable`1 commandBatches, IRelationalConnection connection, CancellationToken cancellationToken)
   at Microsoft.EntityFrameworkCore.Update.Internal.BatchExecutor.ExecuteAsync(IEnumerable`1 commandBatches, IRelationalConnection connection, CancellationToken cancellationToken)
   at Microsoft.EntityFrameworkCore.Update.Internal.BatchExecutor.ExecuteAsync(IEnumerable`1 commandBatches, IRelationalConnection connection, CancellationToken cancellationToken)
   at Microsoft.EntityFrameworkCore.Storage.RelationalDatabase.SaveChangesAsync(IList`1 entries, CancellationToken cancellationToken)
   at Microsoft.EntityFrameworkCore.ChangeTracking.Internal.StateManager.SaveChangesAsync(IList`1 entriesToSave, CancellationToken cancellationToken)
   at Microsoft.EntityFrameworkCore.ChangeTracking.Internal.StateManager.SaveChangesAsync(StateManager stateManager, Boolean acceptAllChangesOnSuccess, CancellationToken cancellationToken)
   at Microsoft.EntityFrameworkCore.SqlServer.Storage.Internal.SqlServerExecutionStrategy.ExecuteAsync[TState,TResult](TState state, Func`4 operation, Func`4 verifySucceeded, CancellationToken cancellationToken)
   at Microsoft.EntityFrameworkCore.DbContext.SaveChangesAsync(Boolean acceptAllChangesOnSuccess, CancellationToken cancellationToken)
   at Microsoft.EntityFrameworkCore.DbContext.SaveChangesAsync(Boolean acceptAllChangesOnSuccess, CancellationToken cancellationToken)
   at RhManagementApi.Controllers.OpeningController.Delete(Int32 id) in C:\Users\ljardim\OneDrive - Capgemini\Desktop\Formações\RH_Backend\ProjetoFinalRH_API\RhManagementApi\Controllers\OpeningController.cs:line 96
   at Microsoft.AspNetCore.Mvc.Infrastructure.ActionMethodExecutor.TaskOfIActionResultExecutor.Execute(ActionContext actionContext, IActionResultTypeMapper mapper, ObjectMethodExecutor executor, Object controller, Object[] arguments)
   at Microsoft.AspNetCore.Mvc.Infrastructure.ControllerActionInvoker.<InvokeActionMethodAsync>g__Awaited|12_0(ControllerActionInvoker invoker, ValueTask`1 actionResultValueTask)
   at Microsoft.AspNetCore.Mvc.Infrastructure.ControllerActionInvoker.<InvokeNextActionFilterAsync>g__Awaited|10_0(ControllerActionInvoker invoker, Task lastTask, State next, Scope scope, Object state, Boolean isCompleted)
   at Microsoft.AspNetCore.Mvc.Infrastructure.ControllerActionInvoker.Rethrow(ActionExecutedContextSealed context)
   at Microsoft.AspNetCore.Mvc.Infrastructure.ControllerActionInvoker.Next(State& next, Scope& scope, Object& state, Boolean& isCompleted)
   at Microsoft.AspNetCore.Mvc.Infrastructure.ControllerActionInvoker.<InvokeInnerFilterAsync>g__Awaited|13_0(ControllerActionInvoker invoker, Task lastTask, State next, Scope scope, Object state, Boolean isCompleted)
   at Microsoft.AspNetCore.Mvc.Infrastructure.ResourceInvoker.<InvokeFilterPipelineAsync>g__Awaited|20_0(ResourceInvoker invoker, Task lastTask, State next, Scope scope, Object state, Boolean isCompleted)
   at Microsoft.AspNetCore.Mvc.Infrastructure.ResourceInvoker.<InvokeAsync>g__Awaited|17_0(ResourceInvoker invoker, Task task, IDisposable scope)
   at Microsoft.AspNetCore.Mvc.Infrastructure.ResourceInvoker.<InvokeAsync>g__Awaited|17_0(ResourceInvoker invoker, Task task, IDisposable scope)
   at Microsoft.AspNetCore.Authorization.AuthorizationMiddleware.Invoke(HttpContext context)
   at Microsoft.AspNetCore.Authentication.AuthenticationMiddleware.Invoke(HttpContext context)
   at Swashbuckle.AspNetCore.SwaggerUI.SwaggerUIMiddleware.Invoke(HttpContext httpContext)
   at Swashbuckle.AspNetCore.Swagger.SwaggerMiddleware.Invoke(HttpContext httpContext, ISwaggerProvider swaggerProvider)
   at Serilog.AspNetCore.RequestLoggingMiddleware.Invoke(HttpContext httpContext)
   at RhManagementApi.Middleware.RequestLoggingMiddleware.Invoke(HttpContext context) in C:\Users\ljardim\OneDrive - Capgemini\Desktop\Formações\RH_Backend\ProjetoFinalRH_API\RhManagementApi\Middleware\RequestLoggingMiddleware.cs:line 54
   at Microsoft.AspNetCore.Diagnostics.DeveloperExceptionPageMiddlewareImpl.Invoke(HttpContext context)
2026-01-06 16:36:17.679 +00:00 [INF] HTTP OPTIONS /api/v1/Opening responded 204 in 0.0683 ms
2026-01-06 16:36:17.679 +00:00 [INF] HTTP OPTIONS /api/v1/Auth/me responded 204 in 0.0228 ms
2026-01-06 16:36:17.680 +00:00 [INF] HTTP OPTIONS /api/v1/Auth/me responded 204 in 0.0192 ms
2026-01-06 16:36:17.683 +00:00 [INF] HTTP GET /api/v1/Auth/me responded 200 in 0.7476 ms
2026-01-06 16:36:17.684 +00:00 [INF] HTTP GET /api/v1/Opening responded 200 in 2.1467 ms
2026-01-06 16:36:17.685 +00:00 [INF] HTTP GET /api/v1/Auth/me responded 200 in 0.9460 ms
2026-01-06 16:36:17.688 +00:00 [INF] HTTP GET /api/v1/Auth/me responded 200 in 0.7670 ms
2026-01-06 16:36:17.688 +00:00 [INF] HTTP GET /api/v1/Opening responded 200 in 2.3582 ms
2026-01-06 16:36:17.693 +00:00 [INF] HTTP GET /api/v1/Auth/me responded 200 in 2.0616 ms
2026-01-06 16:36:18.806 +00:00 [INF] HTTP GET /api/v1/Auth/me responded 200 in 0.7101 ms
2026-01-06 16:36:18.807 +00:00 [INF] HTTP GET /api/v1/Opening responded 200 in 2.2616 ms
2026-01-06 16:36:18.809 +00:00 [INF] HTTP GET /api/v1/Auth/me responded 200 in 0.7756 ms
2026-01-06 16:36:18.813 +00:00 [INF] HTTP GET /api/v1/Auth/me responded 200 in 0.5935 ms
2026-01-06 16:36:18.814 +00:00 [INF] HTTP GET /api/v1/Opening responded 200 in 2.4333 ms
2026-01-06 16:36:18.816 +00:00 [INF] HTTP GET /api/v1/Auth/me responded 200 in 0.9119 ms
2026-01-06 16:36:22.705 +00:00 [INF] HTTP OPTIONS /api/v1/Auth/me responded 204 in 0.0394 ms
2026-01-06 16:36:22.708 +00:00 [INF] HTTP GET /api/v1/Auth/me responded 200 in 0.9670 ms
2026-01-06 16:36:22.711 +00:00 [INF] HTTP GET /api/v1/Auth/me responded 200 in 0.6818 ms
2026-01-06 16:36:22.713 +00:00 [INF] HTTP GET /api/v1/Auth/me responded 200 in 0.6864 ms
2026-01-06 16:36:22.715 +00:00 [INF] HTTP GET /api/v1/Auth/me responded 200 in 0.6095 ms
2026-01-06 16:36:22.731 +00:00 [INF] HTTP OPTIONS /api/v1/Employee/21815 responded 204 in 0.0532 ms
2026-01-06 16:36:22.738 +00:00 [INF] HTTP GET /api/v1/Employee/21815 responded 200 in 3.9669 ms
2026-01-06 16:36:23.860 +00:00 [INF] HTTP OPTIONS /api/v1/Opening responded 204 in 0.0607 ms
2026-01-06 16:36:23.864 +00:00 [INF] HTTP GET /api/v1/Opening responded 200 in 1.8092 ms
2026-01-06 16:36:23.868 +00:00 [INF] HTTP GET /api/v1/Opening responded 200 in 2.4682 ms
2026-01-06 16:36:55.427 +00:00 [INF] HTTP OPTIONS /api/v1/Opening responded 204 in 0.0454 ms
2026-01-06 16:36:55.428 +00:00 [INF] HTTP OPTIONS /api/v1/Auth/me responded 204 in 0.0266 ms
2026-01-06 16:36:55.428 +00:00 [INF] HTTP OPTIONS /api/v1/Auth/me responded 204 in 0.0165 ms
2026-01-06 16:36:55.432 +00:00 [INF] HTTP GET /api/v1/Auth/me responded 200 in 2.4450 ms
2026-01-06 16:36:55.436 +00:00 [INF] HTTP GET /api/v1/Auth/me responded 200 in 1.4355 ms
2026-01-06 16:36:55.438 +00:00 [INF] HTTP GET /api/v1/Opening responded 200 in 8.4229 ms
2026-01-06 16:36:55.439 +00:00 [INF] HTTP GET /api/v1/Auth/me responded 200 in 0.9695 ms
2026-01-06 16:36:55.442 +00:00 [INF] HTTP GET /api/v1/Auth/me responded 200 in 0.5571 ms
2026-01-06 16:36:55.443 +00:00 [INF] HTTP GET /api/v1/Opening responded 200 in 2.2542 ms
2026-01-06 16:39:04.403 +00:00 [INF] HTTP OPTIONS /api/v1/Employee/21815 responded 204 in 0.0486 ms
2026-01-06 16:39:04.403 +00:00 [INF] HTTP OPTIONS /api/v1/Employee/21815 responded 204 in 0.0357 ms
2026-01-06 16:39:04.442 +00:00 [INF] HTTP GET /api/v1/Employee/21815 responded 200 in 35.5876 ms
2026-01-06 16:39:04.446 +00:00 [INF] HTTP GET /api/v1/Employee/21815 responded 200 in 3.6880 ms
2026-01-06 16:39:05.745 +00:00 [INF] HTTP OPTIONS /api/v1/Auth/logout responded 204 in 0.0645 ms
2026-01-06 16:39:05.764 +00:00 [INF] HTTP POST /api/v1/Auth/logout responded 200 in 16.8929 ms
2026-01-06 16:39:19.634 +00:00 [INF] HTTP OPTIONS /api/v1/Auth/login responded 204 in 0.0539 ms
2026-01-06 16:39:19.743 +00:00 [INF] HTTP POST /api/v1/Auth/login responded 200 in 107.2025 ms
2026-01-06 16:39:19.756 +00:00 [INF] HTTP OPTIONS /api/v1/Auth/me responded 204 in 0.0430 ms
2026-01-06 16:39:19.759 +00:00 [INF] HTTP GET /api/v1/Auth/me responded 200 in 0.6414 ms
2026-01-06 16:39:19.771 +00:00 [INF] HTTP OPTIONS /api/v1/Employee/21816 responded 204 in 0.0701 ms
2026-01-06 16:39:19.777 +00:00 [INF] HTTP GET /api/v1/Employee/21816 responded 200 in 3.3348 ms
2026-01-06 16:39:45.640 +00:00 [INF] HTTP OPTIONS /api/v1/Auth/me responded 204 in 0.0474 ms
2026-01-06 16:39:45.640 +00:00 [INF] HTTP OPTIONS /api/v1/Auth/me responded 204 in 0.0256 ms
2026-01-06 16:39:45.642 +00:00 [INF] HTTP OPTIONS /api/v1/Auth/me responded 204 in 0.0405 ms
2026-01-06 16:39:45.643 +00:00 [INF] HTTP GET /api/v1/Auth/me responded 200 in 0.4974 ms
2026-01-06 16:39:45.645 +00:00 [INF] HTTP GET /api/v1/Auth/me responded 200 in 0.3260 ms
2026-01-06 16:39:45.646 +00:00 [INF] HTTP GET /api/v1/Auth/me responded 200 in 0.4044 ms
2026-01-06 16:39:45.648 +00:00 [INF] HTTP GET /api/v1/Auth/me responded 200 in 0.7268 ms
2026-01-06 16:39:56.484 +00:00 [INF] HTTP OPTIONS /api/v1/Auth/me responded 204 in 0.0394 ms
2026-01-06 16:39:56.485 +00:00 [INF] HTTP OPTIONS /api/v1/Auth/me responded 204 in 0.0213 ms
2026-01-06 16:39:56.485 +00:00 [INF] HTTP OPTIONS /api/v1/Auth/me responded 204 in 0.0242 ms
2026-01-06 16:39:56.488 +00:00 [INF] HTTP GET /api/v1/Auth/me responded 200 in 0.6648 ms
2026-01-06 16:39:56.490 +00:00 [INF] HTTP GET /api/v1/Auth/me responded 200 in 0.4086 ms
2026-01-06 16:39:56.491 +00:00 [INF] HTTP GET /api/v1/Auth/me responded 200 in 0.4471 ms
2026-01-06 16:39:56.493 +00:00 [INF] HTTP GET /api/v1/Auth/me responded 200 in 0.5680 ms
2026-01-06 16:39:56.502 +00:00 [INF] HTTP OPTIONS /api/v1/Employee/21816 responded 204 in 0.0488 ms
2026-01-06 16:39:56.535 +00:00 [INF] HTTP GET /api/v1/Employee/21816 responded 200 in 31.2893 ms
2026-01-06 16:40:05.299 +00:00 [INF] HTTP OPTIONS /api/v1/Auth/me responded 204 in 0.0446 ms
2026-01-06 16:40:05.301 +00:00 [INF] HTTP OPTIONS /api/v1/Auth/me responded 204 in 0.0265 ms
2026-01-06 16:40:05.301 +00:00 [INF] HTTP OPTIONS /api/v1/Auth/me responded 204 in 0.0307 ms
2026-01-06 16:40:05.302 +00:00 [INF] HTTP GET /api/v1/Auth/me responded 200 in 0.4918 ms
2026-01-06 16:40:05.304 +00:00 [INF] HTTP GET /api/v1/Auth/me responded 200 in 0.3941 ms
2026-01-06 16:40:05.305 +00:00 [INF] HTTP GET /api/v1/Auth/me responded 200 in 0.4712 ms
2026-01-06 16:40:05.308 +00:00 [INF] HTTP GET /api/v1/Auth/me responded 200 in 0.4522 ms
2026-01-06 16:40:07.857 +00:00 [INF] HTTP GET /api/v1/Auth/me responded 200 in 0.9266 ms
2026-01-06 16:40:07.859 +00:00 [INF] HTTP GET /api/v1/Auth/me responded 200 in 0.5243 ms
2026-01-06 16:40:07.860 +00:00 [INF] HTTP GET /api/v1/Auth/me responded 200 in 0.4001 ms
2026-01-06 16:40:07.862 +00:00 [INF] HTTP GET /api/v1/Auth/me responded 200 in 0.5670 ms
2026-01-06 16:40:46.786 +00:00 [INF] HTTP OPTIONS /api/v1/Auth/me responded 204 in 0.0640 ms
2026-01-06 16:40:46.786 +00:00 [INF] HTTP OPTIONS /api/v1/Auth/me responded 204 in 0.0089 ms
2026-01-06 16:40:46.787 +00:00 [INF] HTTP OPTIONS /api/v1/Auth/me responded 204 in 0.0210 ms
2026-01-06 16:40:46.787 +00:00 [INF] HTTP OPTIONS /api/v1/Auth/me responded 204 in 0.0145 ms
2026-01-06 16:40:46.790 +00:00 [INF] HTTP GET /api/v1/Auth/me responded 200 in 0.7174 ms
2026-01-06 16:40:46.792 +00:00 [INF] HTTP GET /api/v1/Auth/me responded 200 in 0.5421 ms
2026-01-06 16:40:46.794 +00:00 [INF] HTTP GET /api/v1/Auth/me responded 200 in 0.7425 ms
2026-01-06 16:40:46.797 +00:00 [INF] HTTP GET /api/v1/Auth/me responded 200 in 1.2472 ms
2026-01-06 16:40:46.805 +00:00 [INF] HTTP OPTIONS /api/v1/Employee/21816 responded 204 in 0.0480 ms
2026-01-06 16:40:46.840 +00:00 [INF] HTTP GET /api/v1/Employee/21816 responded 200 in 33.2613 ms
2026-01-06 16:41:04.427 +00:00 [INF] HTTP OPTIONS /api/v1/Auth/me responded 204 in 0.0651 ms
2026-01-06 16:41:04.428 +00:00 [INF] HTTP OPTIONS /api/v1/Auth/me responded 204 in 0.0300 ms
2026-01-06 16:41:04.429 +00:00 [INF] HTTP OPTIONS /api/v1/Auth/me responded 204 in 0.0168 ms
2026-01-06 16:41:04.433 +00:00 [INF] HTTP GET /api/v1/Auth/me responded 200 in 2.1100 ms
2026-01-06 16:41:04.435 +00:00 [INF] HTTP GET /api/v1/Auth/me responded 200 in 0.5337 ms
2026-01-06 16:41:04.437 +00:00 [INF] HTTP GET /api/v1/Auth/me responded 200 in 0.6815 ms
2026-01-06 16:41:04.439 +00:00 [INF] HTTP GET /api/v1/Auth/me responded 200 in 0.7803 ms
2026-01-06 16:42:49.297 +00:00 [INF] HTTP OPTIONS /api/v1/Auth/me responded 204 in 0.0439 ms
2026-01-06 16:42:49.301 +00:00 [INF] HTTP GET /api/v1/Auth/me responded 200 in 1.0351 ms
2026-01-06 16:42:49.313 +00:00 [INF] HTTP GET /api/v1/Auth/me responded 200 in 0.6198 ms
2026-01-06 16:42:49.317 +00:00 [INF] HTTP GET /api/v1/Auth/me responded 200 in 0.9691 ms
2026-01-06 16:42:49.322 +00:00 [INF] HTTP GET /api/v1/Auth/me responded 200 in 0.6442 ms
2026-01-06 16:44:47.887 +00:00 [INF] HTTP OPTIONS /api/v1/Auth/me responded 204 in 0.0974 ms
2026-01-06 16:44:47.893 +00:00 [INF] HTTP GET /api/v1/Auth/me responded 200 in 1.7804 ms
2026-01-06 16:44:47.897 +00:00 [INF] HTTP GET /api/v1/Auth/me responded 200 in 0.6777 ms
2026-01-06 16:44:47.900 +00:00 [INF] HTTP GET /api/v1/Auth/me responded 200 in 0.7328 ms
2026-01-06 16:44:47.903 +00:00 [INF] HTTP GET /api/v1/Auth/me responded 200 in 0.8516 ms
2026-01-06 16:44:47.946 +00:00 [INF] HTTP OPTIONS /api/v1/Employee/21816 responded 204 in 0.1421 ms
2026-01-06 16:44:47.997 +00:00 [INF] HTTP GET /api/v1/Employee/21816 responded 200 in 45.0009 ms
2026-01-06 16:44:51.496 +00:00 [INF] HTTP OPTIONS /api/v1/Auth/logout responded 204 in 0.0499 ms
2026-01-06 16:44:51.509 +00:00 [INF] HTTP POST /api/v1/Auth/logout responded 200 in 10.3866 ms
2026-01-06 16:45:06.340 +00:00 [INF] HTTP OPTIONS /api/v1/Auth/login responded 204 in 0.0414 ms
2026-01-06 16:45:06.442 +00:00 [INF] HTTP POST /api/v1/Auth/login responded 200 in 97.9534 ms
2026-01-06 16:45:06.455 +00:00 [INF] HTTP OPTIONS /api/v1/Auth/me responded 204 in 0.0447 ms
2026-01-06 16:45:06.457 +00:00 [INF] HTTP GET /api/v1/Auth/me responded 200 in 0.4759 ms
2026-01-06 16:45:06.469 +00:00 [INF] HTTP OPTIONS /api/v1/Employee/21816 responded 204 in 0.0457 ms
2026-01-06 16:45:06.474 +00:00 [INF] HTTP GET /api/v1/Employee/21816 responded 200 in 3.3706 ms
2026-01-06 16:45:24.720 +00:00 [INF] HTTP OPTIONS /api/v1/Auth/logout responded 204 in 0.0587 ms
2026-01-06 16:45:24.740 +00:00 [INF] HTTP POST /api/v1/Auth/logout responded 200 in 16.7589 ms
2026-01-06 16:45:31.797 +00:00 [INF] HTTP OPTIONS /api/v1/Auth/login responded 204 in 0.0423 ms
2026-01-06 16:45:31.898 +00:00 [INF] HTTP POST /api/v1/Auth/login responded 200 in 98.2197 ms
2026-01-06 16:45:31.911 +00:00 [INF] HTTP OPTIONS /api/v1/Auth/me responded 204 in 0.0441 ms
2026-01-06 16:45:31.914 +00:00 [INF] HTTP GET /api/v1/Auth/me responded 200 in 0.5242 ms
2026-01-06 16:45:31.928 +00:00 [INF] HTTP OPTIONS /api/v1/Employee/21815 responded 204 in 0.0397 ms
2026-01-06 16:45:31.957 +00:00 [INF] HTTP GET /api/v1/Employee/21815 responded 200 in 26.1658 ms
2026-01-06 16:45:36.645 +00:00 [INF] HTTP GET /api/v1/Auth/me responded 200 in 1.2869 ms
2026-01-06 16:45:36.648 +00:00 [INF] HTTP GET /api/v1/Auth/me responded 200 in 0.5356 ms
2026-01-06 16:45:36.650 +00:00 [INF] HTTP GET /api/v1/Auth/me responded 200 in 0.5887 ms
2026-01-06 16:45:36.652 +00:00 [INF] HTTP GET /api/v1/Auth/me responded 200 in 0.5953 ms
2026-01-06 16:45:36.670 +00:00 [INF] HTTP OPTIONS /api/v1/Employee/1 responded 204 in 0.0468 ms
2026-01-06 16:45:36.704 +00:00 [INF] HTTP GET /api/v1/Employee/1 responded 200 in 32.4388 ms
2026-01-06 16:45:59.058 +00:00 [INF] HTTP OPTIONS /api/v1/Auth/me responded 204 in 0.0361 ms
2026-01-06 16:45:59.059 +00:00 [INF] HTTP OPTIONS /api/v1/Auth/me responded 204 in 0.0494 ms
2026-01-06 16:45:59.061 +00:00 [INF] HTTP GET /api/v1/Auth/me responded 200 in 0.6312 ms
2026-01-06 16:45:59.063 +00:00 [INF] HTTP GET /api/v1/Auth/me responded 200 in 0.6810 ms
2026-01-06 16:45:59.065 +00:00 [INF] HTTP GET /api/v1/Auth/me responded 200 in 0.5796 ms
2026-01-06 16:45:59.067 +00:00 [INF] HTTP GET /api/v1/Auth/me responded 200 in 0.4570 ms
2026-01-06 16:45:59.080 +00:00 [INF] HTTP OPTIONS /api/v1/Employee/2 responded 204 in 0.0514 ms
2026-01-06 16:45:59.095 +00:00 [INF] HTTP GET /api/v1/Employee/2 responded 200 in 12.6906 ms
2026-01-06 16:46:14.201 +00:00 [INF] HTTP OPTIONS /api/v1/Auth/me responded 204 in 0.0575 ms
2026-01-06 16:46:14.201 +00:00 [INF] HTTP OPTIONS /api/v1/Auth/me responded 204 in 0.0319 ms
2026-01-06 16:46:14.204 +00:00 [INF] HTTP GET /api/v1/Auth/me responded 200 in 0.4424 ms
2026-01-06 16:46:14.206 +00:00 [INF] HTTP GET /api/v1/Auth/me responded 200 in 0.5470 ms
2026-01-06 16:46:14.208 +00:00 [INF] HTTP GET /api/v1/Auth/me responded 200 in 0.8669 ms
2026-01-06 16:46:14.210 +00:00 [INF] HTTP GET /api/v1/Auth/me responded 200 in 0.5557 ms
2026-01-06 16:48:11.675 +00:00 [INF] HTTP OPTIONS /api/v1/Auth/me responded 204 in 0.0373 ms
2026-01-06 16:48:11.675 +00:00 [INF] HTTP OPTIONS /api/v1/Auth/me responded 204 in 0.0374 ms
2026-01-06 16:48:11.679 +00:00 [INF] HTTP GET /api/v1/Auth/me responded 200 in 0.6592 ms
2026-01-06 16:48:11.681 +00:00 [INF] HTTP GET /api/v1/Auth/me responded 200 in 0.4706 ms
2026-01-06 16:48:11.683 +00:00 [INF] HTTP GET /api/v1/Auth/me responded 200 in 0.6750 ms
2026-01-06 16:48:11.685 +00:00 [INF] HTTP GET /api/v1/Auth/me responded 200 in 0.7419 ms
2026-01-06 16:48:11.694 +00:00 [INF] HTTP OPTIONS /api/v1/Employee/2 responded 204 in 0.0388 ms
2026-01-06 16:48:11.727 +00:00 [INF] HTTP GET /api/v1/Employee/2 responded 200 in 30.3846 ms
2026-01-06 17:00:09.450 +00:00 [INF] HTTP OPTIONS /api/v1/Auth/me responded 204 in 0.0595 ms
2026-01-06 17:00:09.567 +00:00 [INF] HTTP GET /api/v1/Auth/me responded 200 in 0.7452 ms
2026-01-06 17:00:09.587 +00:00 [INF] HTTP GET /api/v1/Auth/me responded 200 in 0.5019 ms
2026-01-06 17:00:09.591 +00:00 [INF] HTTP GET /api/v1/Auth/me responded 200 in 0.4763 ms
2026-01-06 17:00:09.600 +00:00 [INF] HTTP GET /api/v1/Auth/me responded 200 in 0.5483 ms
2026-01-06 17:00:09.609 +00:00 [INF] HTTP OPTIONS /api/v1/Employee/2 responded 204 in 0.0485 ms
2026-01-06 17:00:09.911 +00:00 [INF] HTTP GET /api/v1/Employee/2 responded 200 in 292.1401 ms
